{"CART": [[1, 0.5916666666666666], [2, 0.6352380952380952], [3, 0.6778571428571429], [4, 0.6828571428571429]], "SVM": [[1, 0.5919047619047618], [2, 0.6785714285714286], [3, 0.6833333333333333], [4, 0.7026190476190477]], "NB": [[1, 0.6738095238095239], [2, 0.7026190476190476], [3, 0.7073809523809523], [4, 0.6597619047619048]], "ANN": [[1, 0.48428571428571415], [2, 0.42857142857142855], [3, 0.5488095238095239], [4, 0.5238095238095238]]}