{"CART": [[1, 0.5916666666666666], [2, 0.6542857142857142], [3, 0.6923809523809524], [4, 0.6783333333333333]], "SVM": [[1, 0.5919047619047618], [2, 0.7026190476190477], [3, 0.7269047619047619], [4, 0.7269047619047619]], "NB": [[1, 0.6738095238095239], [2, 0.7407142857142857], [3, 0.5433333333333333], [4, 0.5771428571428572]], "ANN": [[1, 0.49642857142857144], [2, 0.4238095238095238], [3, 0.5302380952380953], [4, 0.533095238095238]]}