{"CART": [[1, 0.812857142857143], [2, 0.8321428571428571], [3, 0.7933333333333332], [4, 0.6783333333333335]], "SVM": [[1, 0.812857142857143], [2, 0.8321428571428571], [3, 0.8321428571428571], [4, 0.7269047619047619]], "NB": [[1, 0.5097619047619047], [2, 0.524047619047619], [3, 0.5480952380952381], [4, 0.5771428571428572]], "ANN": [[1, 0.812857142857143], [2, 0.8321428571428571], [3, 0.8273809523809523], [4, 0.4714285714285714]]}