{"CART": [[1, 0.5916666666666666], [2, 0.6542857142857142], [3, 0.7021428571428572], [4, 0.6880952380952381]], "SVM": [[1, 0.5919047619047618], [2, 0.7026190476190477], [3, 0.7269047619047619], [4, 0.7269047619047619]], "NB": [[1, 0.6738095238095239], [2, 0.7407142857142857], [3, 0.5433333333333333], [4, 0.5771428571428572]], "ANN": [[1, 0.5345238095238095], [2, 0.5197619047619046], [3, 0.41904761904761906], [4, 0.488095238095238]]}