{"CART": [[1, 0.5916666666666666], [2, 0.6352380952380952], [3, 0.6680952380952381], [4, 0.6685714285714287]], "SVM": [[1, 0.5919047619047618], [2, 0.6785714285714286], [3, 0.6833333333333333], [4, 0.7026190476190477]], "NB": [[1, 0.6738095238095239], [2, 0.7026190476190476], [3, 0.7073809523809523], [4, 0.6597619047619048]], "ANN": [[1, 0.40809523809523807], [2, 0.5], [3, 0.4319047619047619], [4, 0.5188095238095236]]}