{"CART": [[1, 0.812857142857143], [2, 0.8033333333333333], [3, 0.7933333333333332], [4, 0.6733333333333333]], "SVM": [[1, 0.812857142857143], [2, 0.8083333333333333], [3, 0.8321428571428571], [4, 0.7269047619047619]], "NB": [[1, 0.5097619047619047], [2, 0.529047619047619], [3, 0.5480952380952381], [4, 0.5771428571428572]], "ANN": [[1, 0.812857142857143], [2, 0.8178571428571428], [3, 0.8273809523809523], [4, 0.5095238095238095]]}