{"CART": [[1, 0.5], [2, 0.33333333333333337], [3, 0.6666666666666667], [4, 0.6333333333333334]], "SVM": [[1, 0.4], [2, 0.4], [3, 0.5333333333333333], [4, 0.5666666666666667]], "NB": [[1, 0.3], [2, 0.4333333333333333], [3, 0.33333333333333337], [4, 0.4333333333333333]], "ANN": [[1, 0.3], [2, 0.4666666666666666], [3, 0.5333333333333333], [4, 0.5666666666666667]]}