{"CART": [[1, 0.5], [2, 0.4666666666666666], [3, 0.6666666666666666], [4, 0.7333333333333334]], "SVM": [[1, 0.3333333333333333], [2, 0.3333333333333333], [3, 0.5666666666666667], [4, 0.5666666666666667]], "NB": [[1, 0.7666666666666666], [2, 0.7333333333333333], [3, 0.7333333333333333], [4, 0.7333333333333333]], "ANN": [[1, 0.36666666666666664], [2, 0.5333333333333333], [3, 0.4], [4, 0.5333333333333333]]}