{"CART": [[1, 0.9085714285714286], [2, 0.9152380952380952], [3, 0.8942857142857144], [4, 0.9085714285714286], [5, 0.8957142857142857], [6, 0.9095238095238095], [7, 0.9304761904761906], [8, 0.9157142857142857], [9, 0.9161904761904761], [10, 0.9019047619047619], [11, 0.9233333333333335], [12, 0.909047619047619], [13, 0.9023809523809524], [14, 0.9161904761904761], [15, 0.9161904761904761], [16, 0.9019047619047619], [17, 0.9019047619047619], [18, 0.9161904761904761], [19, 0.909047619047619], [20, 0.909047619047619], [21, 0.9242857142857144], [22, 0.9447619047619048], [23, 0.9376190476190477], [24, 0.9371428571428572], [25, 0.9442857142857143], [26, 0.9376190476190477], [27, 0.9514285714285714], [28, 0.9376190476190477], [29, 0.9166666666666667]], "SVM": [[1, 0.9295238095238096], [2, 0.880952380952381], [3, 0.7628571428571428], [4, 0.6276190476190476], [5, 0.6490476190476191], [6, 0.6490476190476191], [7, 0.6490476190476191], [8, 0.6490476190476191], [9, 0.6490476190476191], [10, 0.6490476190476191], [11, 0.6490476190476191], [12, 0.6490476190476191], [13, 0.6557142857142857], [14, 0.6138095238095238], [15, 0.6138095238095238], [16, 0.6138095238095238], [17, 0.6138095238095238], [18, 0.6138095238095238], [19, 0.6138095238095238], [20, 0.6138095238095238], [21, 0.6138095238095238], [22, 0.6138095238095238], [23, 0.6138095238095238], [24, 0.6138095238095238], [25, 0.6138095238095238], [26, 0.6138095238095238], [27, 0.6138095238095238], [28, 0.6138095238095238], [29, 0.6138095238095238]], "NB": [[1, 0.9228571428571428], [2, 0.9228571428571429], [3, 0.9157142857142857], [4, 0.9157142857142857], [5, 0.9157142857142857], [6, 0.937142857142857], [7, 0.9166666666666666], [8, 0.9166666666666666], [9, 0.9238095238095239], [10, 0.9238095238095239], [11, 0.930952380952381], [12, 0.930952380952381], [13, 0.9380952380952381], [14, 0.9380952380952381], [15, 0.9380952380952381], [16, 0.9380952380952381], [17, 0.9447619047619048], [18, 0.9447619047619048], [19, 0.9447619047619048], [20, 0.9447619047619048], [21, 0.9447619047619048], [22, 0.9519047619047619], [23, 0.9585714285714285], [24, 0.9657142857142856], [25, 0.9657142857142856], [26, 0.9728571428571428], [27, 0.959047619047619], [28, 0.959047619047619], [29, 0.959047619047619]], "ANN": [[1, 0.5819047619047619], [2, 0.5185714285714286], [3, 0.5328571428571429], [4, 0.5528571428571428], [5, 0.48238095238095247], [6, 0.6366666666666666], [7, 0.5285714285714287], [8, 0.6414285714285715], [9, 0.6214285714285713], [10, 0.6061904761904762], [11, 0.507142857142857], [12, 0.4504761904761905], [13, 0.6157142857142857], [14, 0.47476190476190483], [15, 0.5019047619047619], [16, 0.5042857142857143], [17, 0.6252380952380951], [18, 0.5138095238095237], [19, 0.5004761904761905], [20, 0.5504761904761905], [21, 0.6142857142857142], [22, 0.5780952380952382], [23, 0.5204761904761905], [24, 0.5519047619047618], [25, 0.5004761904761905], [26, 0.5038095238095238], [27, 0.5733333333333333], [28, 0.6428571428571429], [29, 0.6414285714285713]]}