{"CART": [[1, 0.9304761904761906], [2, 0.9652380952380952], [3, 0.9161904761904763], [4, 0.9152380952380952], [5, 0.9233333333333335], [6, 0.9233333333333335], [7, 0.9228571428571429], [8, 0.9166666666666667], [9, 0.9366666666666668], [10, 0.9361904761904762], [11, 0.93], [12, 0.9299999999999999], [13, 0.9295238095238096], [14, 0.950952380952381], [15, 0.93], [16, 0.9442857142857143], [17, 0.9438095238095239], [18, 0.9371428571428572], [19, 0.950952380952381], [20, 0.93], [21, 0.9652380952380953], [22, 0.9576190476190476], [23, 0.9371428571428572], [24, 0.9514285714285714], [25, 0.9371428571428572], [26, 0.9514285714285714], [27, 0.93], [28, 0.9304761904761906], [29, 0.9304761904761906]], "SVM": [[1, 0.628095238095238], [2, 0.6138095238095238], [3, 0.6138095238095238], [4, 0.6138095238095238], [5, 0.6138095238095238], [6, 0.6138095238095238], [7, 0.6138095238095238], [8, 0.6138095238095238], [9, 0.6138095238095238], [10, 0.6138095238095238], [11, 0.6138095238095238], [12, 0.6138095238095238], [13, 0.6138095238095238], [14, 0.6138095238095238], [15, 0.6138095238095238], [16, 0.6138095238095238], [17, 0.6138095238095238], [18, 0.6138095238095238], [19, 0.6138095238095238], [20, 0.6138095238095238], [21, 0.6138095238095238], [22, 0.6138095238095238], [23, 0.6138095238095238], [24, 0.6138095238095238], [25, 0.6138095238095238], [26, 0.6138095238095238], [27, 0.6138095238095238], [28, 0.6138095238095238], [29, 0.6138095238095238]], "NB": [[1, 0.950952380952381], [2, 0.9438095238095239], [3, 0.9442857142857143], [4, 0.9442857142857143], [5, 0.9442857142857143], [6, 0.9442857142857143], [7, 0.9442857142857143], [8, 0.9442857142857143], [9, 0.9514285714285714], [10, 0.9514285714285714], [11, 0.9447619047619048], [12, 0.9447619047619048], [13, 0.9447619047619048], [14, 0.959047619047619], [15, 0.959047619047619], [16, 0.9519047619047619], [17, 0.959047619047619], [18, 0.959047619047619], [19, 0.959047619047619], [20, 0.959047619047619], [21, 0.959047619047619], [22, 0.959047619047619], [23, 0.959047619047619], [24, 0.959047619047619], [25, 0.959047619047619], [26, 0.959047619047619], [27, 0.959047619047619], [28, 0.959047619047619], [29, 0.959047619047619]], "ANN": [[1, 0.6138095238095238], [2, 0.5971428571428572], [3, 0.5857142857142856], [4, 0.5542857142857142], [5, 0.6395238095238096], [6, 0.5928571428571427], [7, 0.5671428571428572], [8, 0.6361904761904762], [9, 0.61], [10, 0.47857142857142865], [11, 0.5566666666666666], [12, 0.6352380952380953], [13, 0.4571428571428572], [14, 0.5866666666666667], [15, 0.6033333333333333], [16, 0.5733333333333334], [17, 0.4895238095238096], [18, 0.4966666666666667], [19, 0.5914285714285714], [20, 0.4999999999999999], [21, 0.4461904761904762], [22, 0.47285714285714286], [23, 0.5866666666666667], [24, 0.5428571428571429], [25, 0.4661904761904762], [26, 0.5895238095238095], [27, 0.5604761904761905], [28, 0.5957142857142858], [29, 0.6476190476190478]]}