{"CART": [[1, 0.9304761904761906], [2, 0.959047619047619], [3, 0.9452380952380952], [4, 0.9314285714285715], [5, 0.9371428571428572], [6, 0.9442857142857143], [7, 0.9585714285714285], [8, 0.9514285714285714], [9, 0.9233333333333332], [10, 0.9442857142857143], [11, 0.9442857142857143], [12, 0.9514285714285714], [13, 0.9161904761904763], [14, 0.9371428571428572], [15, 0.9233333333333335], [16, 0.9442857142857143], [17, 0.9447619047619048], [18, 0.9514285714285714], [19, 0.9442857142857143], [20, 0.950952380952381], [21, 0.9580952380952381], [22, 0.9580952380952381], [23, 0.9233333333333335], [24, 0.9442857142857143], [25, 0.9371428571428572], [26, 0.9442857142857143], [27, 0.93], [28, 0.9442857142857143], [29, 0.9442857142857143]], "SVM": [[1, 0.628095238095238], [2, 0.628095238095238], [3, 0.6138095238095238], [4, 0.6138095238095238], [5, 0.6138095238095238], [6, 0.6138095238095238], [7, 0.6138095238095238], [8, 0.6138095238095238], [9, 0.6138095238095238], [10, 0.6138095238095238], [11, 0.6138095238095238], [12, 0.6138095238095238], [13, 0.6138095238095238], [14, 0.6138095238095238], [15, 0.6138095238095238], [16, 0.6138095238095238], [17, 0.6138095238095238], [18, 0.6138095238095238], [19, 0.6138095238095238], [20, 0.6138095238095238], [21, 0.6138095238095238], [22, 0.6138095238095238], [23, 0.6138095238095238], [24, 0.6138095238095238], [25, 0.6138095238095238], [26, 0.6138095238095238], [27, 0.6138095238095238], [28, 0.6138095238095238], [29, 0.6138095238095238]], "NB": [[1, 0.950952380952381], [2, 0.9652380952380952], [3, 0.9652380952380952], [4, 0.9652380952380952], [5, 0.9580952380952381], [6, 0.950952380952381], [7, 0.9442857142857143], [8, 0.9585714285714285], [9, 0.9442857142857143], [10, 0.9304761904761903], [11, 0.9519047619047619], [12, 0.9447619047619048], [13, 0.9447619047619048], [14, 0.9519047619047619], [15, 0.9519047619047619], [16, 0.9519047619047619], [17, 0.9519047619047619], [18, 0.959047619047619], [19, 0.959047619047619], [20, 0.959047619047619], [21, 0.959047619047619], [22, 0.959047619047619], [23, 0.959047619047619], [24, 0.959047619047619], [25, 0.959047619047619], [26, 0.959047619047619], [27, 0.959047619047619], [28, 0.959047619047619], [29, 0.959047619047619]], "ANN": [[1, 0.49285714285714277], [2, 0.4861904761904762], [3, 0.628095238095238], [4, 0.4833333333333333], [5, 0.46047619047619043], [6, 0.520952380952381], [7, 0.5038095238095239], [8, 0.5533333333333333], [9, 0.5747619047619048], [10, 0.43952380952380954], [11, 0.6623809523809523], [12, 0.5076190476190476], [13, 0.5923809523809525], [14, 0.5704761904761904], [15, 0.5861904761904763], [16, 0.37857142857142856], [17, 0.610952380952381], [18, 0.4428571428571429], [19, 0.6333333333333333], [20, 0.4861904761904762], [21, 0.4852380952380952], [22, 0.5052380952380953], [23, 0.4776190476190477], [24, 0.5085714285714287], [25, 0.5714285714285715], [26, 0.4004761904761905], [27, 0.6285714285714286], [28, 0.589047619047619], [29, 0.46238095238095245]]}