{"CART": [[1, 0.9085714285714286], [2, 0.9085714285714287], [3, 0.8942857142857144], [4, 0.9085714285714286], [5, 0.8957142857142857], [6, 0.9166666666666666], [7, 0.9019047619047619], [8, 0.9295238095238094], [9, 0.909047619047619], [10, 0.9233333333333335], [11, 0.9161904761904761], [12, 0.9161904761904761], [13, 0.9023809523809524], [14, 0.9023809523809524], [15, 0.9019047619047619], [16, 0.9161904761904761], [17, 0.909047619047619], [18, 0.909047619047619], [19, 0.9019047619047619], [20, 0.8947619047619048], [21, 0.9238095238095239], [22, 0.9442857142857143], [23, 0.9652380952380952], [24, 0.9371428571428572], [25, 0.9442857142857143], [26, 0.950952380952381], [27, 0.950952380952381], [28, 0.9371428571428572], [29, 0.9371428571428572]], "SVM": [[1, 0.9295238095238096], [2, 0.880952380952381], [3, 0.7628571428571428], [4, 0.6276190476190476], [5, 0.6490476190476191], [6, 0.6490476190476191], [7, 0.6490476190476191], [8, 0.6490476190476191], [9, 0.6490476190476191], [10, 0.6490476190476191], [11, 0.6490476190476191], [12, 0.6490476190476191], [13, 0.6557142857142857], [14, 0.6138095238095238], [15, 0.6138095238095238], [16, 0.6138095238095238], [17, 0.6138095238095238], [18, 0.6138095238095238], [19, 0.6138095238095238], [20, 0.6138095238095238], [21, 0.6138095238095238], [22, 0.6138095238095238], [23, 0.6138095238095238], [24, 0.6138095238095238], [25, 0.6138095238095238], [26, 0.6138095238095238], [27, 0.6138095238095238], [28, 0.6138095238095238], [29, 0.6138095238095238]], "NB": [[1, 0.9228571428571428], [2, 0.9228571428571429], [3, 0.9157142857142857], [4, 0.9157142857142857], [5, 0.9157142857142857], [6, 0.937142857142857], [7, 0.9166666666666666], [8, 0.9166666666666666], [9, 0.9238095238095239], [10, 0.9238095238095239], [11, 0.930952380952381], [12, 0.930952380952381], [13, 0.9380952380952381], [14, 0.9380952380952381], [15, 0.9380952380952381], [16, 0.9380952380952381], [17, 0.9447619047619048], [18, 0.9447619047619048], [19, 0.9447619047619048], [20, 0.9447619047619048], [21, 0.9447619047619048], [22, 0.9519047619047619], [23, 0.9585714285714285], [24, 0.9657142857142856], [25, 0.9657142857142856], [26, 0.9728571428571428], [27, 0.959047619047619], [28, 0.959047619047619], [29, 0.959047619047619]], "ANN": [[1, 0.529047619047619], [2, 0.6352380952380953], [3, 0.4895238095238096], [4, 0.42142857142857143], [5, 0.5823809523809523], [6, 0.3857142857142857], [7, 0.5747619047619047], [8, 0.41571428571428576], [9, 0.4614285714285714], [10, 0.6399999999999999], [11, 0.5461904761904762], [12, 0.4533333333333333], [13, 0.5242857142857142], [14, 0.4980952380952381], [15, 0.6066666666666667], [16, 0.5633333333333334], [17, 0.5738095238095238], [18, 0.4471428571428572], [19, 0.6495238095238094], [20, 0.44000000000000006], [21, 0.5580952380952381], [22, 0.48428571428571426], [23, 0.5357142857142858], [24, 0.6738095238095239], [25, 0.5385714285714285], [26, 0.4642857142857143], [27, 0.5747619047619048], [28, 0.4904761904761905], [29, 0.49952380952380954]]}