{"CART": [[1, 0.4666666666666666], [2, 0.4666666666666666], [3, 0.7999999999999999], [4, 0.7666666666666666]], "SVM": [[1, 0.4666666666666666], [2, 0.3333333333333333], [3, 0.5666666666666667], [4, 0.5666666666666667]], "NB": [[1, 0.4666666666666666], [2, 0.7333333333333333], [3, 0.7666666666666666], [4, 0.7333333333333333]], "ANN": [[1, 0.4666666666666666], [2, 0.6333333333333333], [3, 0.5], [4, 0.3333333333333333]]}