{"CART": [[1, 0.8908496732026144], [2, 0.9137254901960784], [3, 0.9137254901960784], [4, 0.8794117647058824], [5, 0.884967320261438], [6, 0.9019607843137255], [7, 0.8901960784313726], [8, 0.9019607843137255], [9, 0.907843137254902], [10, 0.9019607843137255]], "SVM": [[1, 0.8908496732026144], [2, 0.9137254901960784], [3, 0.9137254901960784], [4, 0.85], [5, 0.8905228758169935], [6, 0.8846405228758171], [7, 0.8905228758169935], [8, 0.872875816993464], [9, 0.8964052287581697], [10, 0.8960784313725491]], "NB": [[1, 0.8908496732026144], [2, 0.8676470588235293], [3, 0.8617647058823529], [4, 0.8679738562091502], [5, 0.8732026143790851], [6, 0.89640522875817], [7, 0.9137254901960784], [8, 0.89640522875817], [9, 0.9369281045751634], [10, 0.9369281045751634]], "ANN": [[1, 0.8908496732026144], [2, 0.907843137254902], [3, 0.9026143790849673], [4, 0.6415032679738562], [5, 0.6591503267973856], [6, 0.5375816993464053], [7, 0.4643790849673203], [8, 0.5421568627450981], [9, 0.5826797385620915], [10, 0.5617647058823529]]}