{"CART": [[1, 0.6944444444444444], [2, 0.8555555555555555], [3, 0.8908496732026144], [4, 0.8794117647058824], [5, 0.8790849673202615], [6, 0.8960784313725491], [7, 0.9019607843137255], [8, 0.8901960784313726], [9, 0.8901960784313726], [10, 0.9019607843137255]], "SVM": [[1, 0.6535947712418301], [2, 0.826797385620915], [3, 0.8555555555555555], [4, 0.85], [5, 0.8905228758169935], [6, 0.8846405228758171], [7, 0.8905228758169935], [8, 0.872875816993464], [9, 0.8964052287581697], [10, 0.8964052287581697]], "NB": [[1, 0.6993464052287581], [2, 0.8905228758169935], [3, 0.8676470588235293], [4, 0.8679738562091502], [5, 0.8732026143790851], [6, 0.89640522875817], [7, 0.9137254901960784], [8, 0.89640522875817], [9, 0.9369281045751634], [10, 0.9369281045751634]], "ANN": [[1, 0.6441176470588235], [2, 0.5205882352941177], [3, 0.5911764705882353], [4, 0.6062091503267973], [5, 0.6088235294117648], [6, 0.47352941176470587], [7, 0.4852941176470589], [8, 0.4852941176470589], [9, 0.5944444444444444], [10, 0.5346405228758171]]}