{"CART": [[1, 0.6944444444444444], [2, 0.8555555555555555], [3, 0.8908496732026144], [4, 0.8794117647058824], [5, 0.884967320261438], [6, 0.9019607843137255], [7, 0.9019607843137255], [8, 0.8960784313725491], [9, 0.8960784313725491], [10, 0.8901960784313724]], "SVM": [[1, 0.6535947712418301], [2, 0.826797385620915], [3, 0.8555555555555555], [4, 0.85], [5, 0.8905228758169935], [6, 0.8846405228758171], [7, 0.8905228758169935], [8, 0.872875816993464], [9, 0.8964052287581697], [10, 0.8964052287581697]], "NB": [[1, 0.6993464052287581], [2, 0.8905228758169935], [3, 0.8676470588235293], [4, 0.8679738562091502], [5, 0.8732026143790851], [6, 0.89640522875817], [7, 0.9137254901960784], [8, 0.89640522875817], [9, 0.9369281045751634], [10, 0.9369281045751634]], "ANN": [[1, 0.5055555555555555], [2, 0.503921568627451], [3, 0.6003267973856209], [4, 0.5650326797385621], [5, 0.47026143790849667], [6, 0.6607843137254902], [7, 0.7003267973856209], [8, 0.6405228758169935], [9, 0.5303921568627451], [10, 0.5617647058823529]]}