{"CART": [[1, 0.8908496732026144], [2, 0.9137254901960784], [3, 0.9137254901960784], [4, 0.8794117647058824], [5, 0.8790849673202615], [6, 0.8960784313725491], [7, 0.8960784313725491], [8, 0.8960784313725491], [9, 0.8960784313725491], [10, 0.8901960784313724]], "SVM": [[1, 0.8908496732026144], [2, 0.9137254901960784], [3, 0.9137254901960784], [4, 0.85], [5, 0.8905228758169935], [6, 0.8846405228758171], [7, 0.8905228758169935], [8, 0.872875816993464], [9, 0.8787581699346404], [10, 0.8964052287581697]], "NB": [[1, 0.8908496732026144], [2, 0.8676470588235293], [3, 0.8617647058823529], [4, 0.8679738562091502], [5, 0.8732026143790851], [6, 0.89640522875817], [7, 0.9137254901960784], [8, 0.89640522875817], [9, 0.89640522875817], [10, 0.9369281045751634]], "ANN": [[1, 0.8908496732026144], [2, 0.9019607843137255], [3, 0.8967320261437909], [4, 0.48529411764705876], [5, 0.7591503267973856], [6, 0.5702614379084967], [7, 0.5176470588235295], [8, 0.7415032679738561], [9, 0.48725490196078436], [10, 0.5732026143790849]]}