{"CART": [[1, 0.8908496732026144], [2, 0.89640522875817], [3, 0.9137254901960784], [4, 0.8794117647058824], [5, 0.884967320261438], [6, 0.9019607843137255], [7, 0.9019607843137255], [8, 0.8960784313725491], [9, 0.8960784313725491], [10, 0.9019607843137255]], "SVM": [[1, 0.8908496732026144], [2, 0.8676470588235293], [3, 0.9137254901960784], [4, 0.85], [5, 0.8905228758169935], [6, 0.8846405228758171], [7, 0.872875816993464], [8, 0.872875816993464], [9, 0.8964052287581697], [10, 0.8960784313725491]], "NB": [[1, 0.8908496732026144], [2, 0.8617647058823529], [3, 0.8617647058823529], [4, 0.8679738562091502], [5, 0.8732026143790851], [6, 0.89640522875817], [7, 0.89640522875817], [8, 0.89640522875817], [9, 0.9369281045751634], [10, 0.9369281045751634]], "ANN": [[1, 0.8908496732026144], [2, 0.8624183006535947], [3, 0.8908496732026144], [4, 0.5990196078431372], [5, 0.5205882352941177], [6, 0.4669934640522876], [7, 0.5117647058823529], [8, 0.6032679738562091], [9, 0.5826797385620915], [10, 0.5944444444444443]]}