{"CART": [[1, 0.6944444444444444], [2, 0.7339869281045752], [3, 0.8032679738562092], [4, 0.8898692810457515], [5, 0.8781045751633988], [6, 0.8725490196078433], [7, 0.9016339869281046], [8, 0.918954248366013], [9, 0.9019607843137255], [10, 0.8960784313725491]], "SVM": [[1, 0.6535947712418301], [2, 0.734967320261438], [3, 0.7575163398692811], [4, 0.8209150326797385], [5, 0.826797385620915], [6, 0.8032679738562092], [7, 0.861111111111111], [8, 0.8843137254901962], [9, 0.872875816993464], [10, 0.8905228758169935]], "NB": [[1, 0.6993464052287581], [2, 0.7630718954248366], [3, 0.8496732026143791], [4, 0.9130718954248367], [5, 0.9130718954248367], [6, 0.9130718954248367], [7, 0.9075163398692812], [8, 0.8954248366013072], [9, 0.9130718954248366], [10, 0.9019607843137255]], "ANN": [[1, 0.5794117647058823], [2, 0.5441176470588236], [3, 0.5944444444444444], [4, 0.4290849673202614], [5, 0.5205882352941177], [6, 0.5826797385620915], [7, 0.5954248366013071], [8, 0.4643790849673203], [9, 0.5359477124183007], [10, 0.527124183006536]]}