{"CART": [[1, 0.9083333333333332], [101, 0.9416666666666667], [201, 0.9083333333333332], [301, 0.9666666666666666], [401, 1.0], [501, 0.975], [601, 0.975], [701, 0.9083333333333332], [801, 0.9666666666666666], [901, 0.8916666666666668], [1001, 0.975], [1101, 0.975], [1201, 0.9416666666666667], [1301, 0.9416666666666667], [1401, 0.9666666666666666], [1501, 0.95], [1601, 0.975], [1701, 0.9416666666666667], [1801, 0.975], [1901, 0.9416666666666667]], "SVM": [[1, 0.9416666666666667], [101, 0.9416666666666667], [201, 0.9416666666666667], [301, 0.9416666666666667], [401, 0.9416666666666667], [501, 0.9416666666666667], [601, 0.9416666666666667], [701, 0.9416666666666667], [801, 0.9416666666666667], [901, 0.9416666666666667], [1001, 0.9416666666666667], [1101, 0.9416666666666667], [1201, 0.9416666666666667], [1301, 0.9416666666666667], [1401, 0.9416666666666667], [1501, 0.9416666666666667], [1601, 0.9416666666666667], [1701, 0.9416666666666667], [1801, 0.9416666666666667], [1901, 0.9416666666666667]], "NB": [[1, 0.9416666666666667], [101, 0.9416666666666667], [201, 0.9416666666666667], [301, 0.9416666666666667], [401, 0.9416666666666667], [501, 0.9416666666666667], [601, 0.9416666666666667], [701, 0.9416666666666667], [801, 0.9416666666666667], [901, 0.9416666666666667], [1001, 0.9416666666666667], [1101, 0.9416666666666667], [1201, 0.9416666666666667], [1301, 0.9416666666666667], [1401, 0.9416666666666667], [1501, 0.9416666666666667], [1601, 0.9416666666666667], [1701, 0.9416666666666667], [1801, 0.9416666666666667], [1901, 0.9416666666666667]], "ANN": []}