{"CART": [[1, [0.6296296296296297, 0.6153846153846154, 0.46153846153846156, 0.6, 0.56, 0.56, 0.68, 0.6666666666666666, 0.7391304347826086, 0.8260869565217391], 0.6338436764523722, 0.09661743572152705], [2, [0.48148148148148145, 0.6538461538461539, 0.6153846153846154, 0.64, 0.68, 0.64, 0.8, 0.7083333333333334, 0.9130434782608695, 0.6956521739130435], 0.6827741236219497, 0.10823532106462669], [3, [0.6296296296296297, 0.8461538461538461, 0.6538461538461539, 0.6, 0.68, 0.72, 0.56, 0.6666666666666666, 0.8695652173913043, 0.7391304347826086], 0.6964991948470209, 0.0949290376573861], [4, [0.6296296296296297, 0.8461538461538461, 0.6538461538461539, 0.6, 0.68, 0.64, 0.56, 0.6666666666666666, 0.8260869565217391, 0.7391304347826086], 0.6841513687600644, 0.08835810365038711]], "SVM": [[1, [0.6666666666666666, 0.6538461538461539, 0.46153846153846156, 0.52, 0.6, 0.56, 0.76, 0.6666666666666666, 0.782608695652174, 0.8260869565217391], 0.6497413600891861, 0.11148054243134936], [2, [0.5925925925925926, 0.7692307692307693, 0.6153846153846154, 0.72, 0.76, 0.8, 0.76, 0.75, 1.0, 0.782608695652174], 0.7549816672860151, 0.1049682681145722], [3, [0.7037037037037037, 0.8076923076923077, 0.5769230769230769, 0.68, 0.72, 0.68, 0.76, 0.6666666666666666, 0.8695652173913043, 0.7391304347826086], 0.7203681407159668, 0.07668463534202631], [4, [0.6666666666666666, 0.8076923076923077, 0.6153846153846154, 0.68, 0.72, 0.72, 0.72, 0.7083333333333334, 0.8695652173913043, 0.7391304347826086], 0.7246772575250836, 0.0676253173677603]], "NB": [[1, [0.6666666666666666, 0.7692307692307693, 0.5384615384615384, 0.52, 0.6, 0.68, 0.76, 0.75, 0.7391304347826086, 0.6956521739130435], 0.6719141583054625, 0.08634850001978056], [2, [0.4444444444444444, 0.8846153846153846, 0.7692307692307693, 0.8, 0.68, 0.56, 0.68, 0.75, 0.8695652173913043, 0.782608695652174], 0.7220464511334077, 0.12953782501293415], [3, [0.48148148148148145, 0.8461538461538461, 0.7692307692307693, 0.8, 0.64, 0.6, 0.72, 0.75, 0.782608695652174, 0.782608695652174], 0.7172083488170445, 0.10539986223614838], [4, [0.48148148148148145, 0.8846153846153846, 0.0, 0.8, 0.64, 0.6, 0.72, 0.75, 0.8260869565217391, 0.8260869565217391], 0.6528270779140344, 0.24655145073610063]], "ANN": [[1, [0.3333333333333333, 0.34615384615384615, 0.34615384615384615, 0.6, 0.6, 0.36, 0.6, 0.625, 0.6521739130434783, 0.6521739130434783], 0.5114988851727983, 0.13613655346895], [2, [0.3333333333333333, 0.6153846153846154, 0.5769230769230769, 0.52, 0.6, 0.6, 0.36, 0.625, 0.6521739130434783, 0.6521739130434783], 0.5534988851727982, 0.10969322653799218], [3, [0.37037037037037035, 0.5769230769230769, 0.5769230769230769, 0.6, 0.36, 0.36, 0.64, 0.5416666666666666, 0.6521739130434783, 0.34782608695652173], 0.502588319088319, 0.12059066181945925], [4, [0.5925925925925926, 0.34615384615384615, 0.34615384615384615, 0.36, 0.36, 0.4, 0.48, 0.625, 0.8260869565217391, 0.34782608695652173], 0.46838133283785455, 0.15512184507766663]]}