{"CART": [[1, [0.7037037037037037, 0.8846153846153846, 0.7692307692307693, 0.72, 0.56, 0.6, 0.8, 0.6666666666666666, 0.7391304347826086, 0.8260869565217391], 0.7269433915520873, 0.09495799925498981], [2, [0.8888888888888888, 0.8846153846153846, 0.7692307692307693, 0.88, 0.8, 0.72, 0.8, 0.875, 0.9130434782608695, 0.8695652173913043], 0.8400343738387216, 0.06001948017524874], [3, [0.8518518518518519, 0.8846153846153846, 0.7692307692307693, 0.84, 0.72, 0.72, 0.76, 0.8333333333333334, 0.9565217391304348, 0.8695652173913043], 0.8205118295553078, 0.07282668281706402], [4, [0.6666666666666666, 0.8076923076923077, 0.6923076923076923, 0.68, 0.76, 0.6, 0.76, 0.7916666666666666, 0.8695652173913043, 0.8260869565217391], 0.7453985507246377, 0.07925319747336187]], "SVM": [[1, [0.7037037037037037, 0.8846153846153846, 0.7692307692307693, 0.72, 0.56, 0.6, 0.8, 0.6666666666666666, 0.7391304347826086, 0.8260869565217391], 0.7269433915520873, 0.09495799925498981], [2, [0.8888888888888888, 0.8846153846153846, 0.7692307692307693, 0.88, 0.8, 0.72, 0.8, 0.875, 0.9130434782608695, 0.8695652173913043], 0.8400343738387216, 0.06001948017524874], [3, [0.8888888888888888, 0.8846153846153846, 0.7692307692307693, 0.88, 0.8, 0.72, 0.8, 0.875, 0.9130434782608695, 0.8695652173913043], 0.8400343738387216, 0.06001948017524874], [4, [0.7777777777777778, 0.8076923076923077, 0.6538461538461539, 0.68, 0.72, 0.68, 0.72, 0.7083333333333334, 0.9130434782608695, 0.7391304347826086], 0.7399823485693051, 0.07237366261007719]], "NB": [[1, [0.5925925925925926, 0.5769230769230769, 0.5384615384615384, 0.48, 0.44, 0.36, 0.52, 0.4583333333333333, 0.6086956521739131, 0.5217391304347826], 0.5096745323919236, 0.07284045431065071], [2, [0.6296296296296297, 0.5769230769230769, 0.5384615384615384, 0.48, 0.44, 0.36, 0.52, 0.4583333333333333, 0.6086956521739131, 0.5217391304347826], 0.5133782360956273, 0.07773928496997988], [3, [0.6666666666666666, 0.6153846153846154, 0.5384615384615384, 0.52, 0.52, 0.48, 0.52, 0.5, 0.6086956521739131, 0.5652173913043478], 0.5534425863991081, 0.056282883460122335], [4, [0.6296296296296297, 0.6538461538461539, 0.5769230769230769, 0.56, 0.52, 0.48, 0.6, 0.5416666666666666, 0.6086956521739131, 0.5652173913043478], 0.5735978570543787, 0.0494240408158652]], "ANN": [[1, [0.8888888888888888, 0.8461538461538461, 0.7692307692307693, 0.84, 0.8, 0.68, 0.8, 0.8333333333333334, 0.9130434782608695, 0.8260869565217391], 0.8196737272389445, 0.061382465410811146], [2, [0.8888888888888888, 0.8076923076923077, 0.7692307692307693, 0.88, 0.8, 0.68, 0.8, 0.875, 0.9130434782608695, 0.8695652173913043], 0.828342066146414, 0.06702057299158415], [3, [0.8888888888888888, 0.8461538461538461, 0.7692307692307693, 0.88, 0.8, 0.72, 0.8, 0.875, 0.9130434782608695, 0.8695652173913043], 0.8361882199925678, 0.05824554268829037], [4, [0.7037037037037037, 0.5769230769230769, 0.34615384615384615, 0.6, 0.6, 0.36, 0.68, 0.375, 0.6521739130434783, 0.6521739130434783], 0.5546128452867584, 0.13236093405455726]]}