{"CART": [[1, [0.6296296296296297, 0.6153846153846154, 0.46153846153846156, 0.6, 0.56, 0.56, 0.68, 0.6666666666666666, 0.7391304347826086, 0.8260869565217391], 0.6338436764523722, 0.09661743572152705], [2, [0.6666666666666666, 0.8461538461538461, 0.6923076923076923, 0.64, 0.6, 0.6, 0.6, 0.5833333333333334, 0.8260869565217391, 0.7391304347826086], 0.6793678929765885, 0.09105746190969381], [3, [0.7407407407407407, 0.8076923076923077, 0.7307692307692307, 0.68, 0.72, 0.6, 0.72, 0.5833333333333334, 0.9130434782608695, 0.8695652173913043], 0.7365144308187787, 0.09991103430737587], [4, [0.6666666666666666, 0.8076923076923077, 0.6923076923076923, 0.72, 0.76, 0.6, 0.76, 0.7916666666666666, 0.8695652173913043, 0.8260869565217391], 0.7493985507246378, 0.07682370014490705]], "SVM": [[1, [0.6666666666666666, 0.6538461538461539, 0.46153846153846156, 0.52, 0.6, 0.56, 0.76, 0.6666666666666666, 0.782608695652174, 0.8260869565217391], 0.6497413600891861, 0.11148054243134936], [2, [0.7407407407407407, 0.8076923076923077, 0.5769230769230769, 0.64, 0.68, 0.72, 0.76, 0.6666666666666666, 0.8695652173913043, 0.8695652173913043], 0.7331153226805401, 0.09168149275232737], [3, [0.7407407407407407, 0.8461538461538461, 0.5769230769230769, 0.64, 0.72, 0.72, 0.8, 0.75, 0.8695652173913043, 0.8260869565217391], 0.7489469837730708, 0.08704073474231015], [4, [0.7777777777777778, 0.8076923076923077, 0.6538461538461539, 0.68, 0.72, 0.68, 0.72, 0.7083333333333334, 0.9130434782608695, 0.7391304347826086], 0.7399823485693051, 0.07237366261007719]], "NB": [[1, [0.6666666666666666, 0.7692307692307693, 0.5384615384615384, 0.52, 0.6, 0.68, 0.76, 0.75, 0.7391304347826086, 0.6956521739130435], 0.6719141583054625, 0.08634850001978056], [2, [0.7407407407407407, 0.8461538461538461, 0.7307692307692307, 0.64, 0.68, 0.68, 0.84, 0.7083333333333334, 0.8260869565217391, 0.8260869565217391], 0.751817106404063, 0.07278918927778427], [3, [0.6666666666666666, 0.5769230769230769, 0.5769230769230769, 0.52, 0.52, 0.4, 0.52, 0.5, 0.6086956521739131, 0.5652173913043478], 0.5454425863991081, 0.0679925463915403], [4, [0.6296296296296297, 0.6538461538461539, 0.5769230769230769, 0.56, 0.52, 0.48, 0.6, 0.5416666666666666, 0.6086956521739131, 0.5652173913043478], 0.5735978570543787, 0.0494240408158652]], "ANN": [[1, [0.5925925925925926, 0.5769230769230769, 0.5769230769230769, 0.36, 0.36, 0.6, 0.36, 0.375, 0.4782608695652174, 0.6521739130434783], 0.4931873529047442, 0.11313623457063816], [2, [0.3333333333333333, 0.34615384615384615, 0.3076923076923077, 0.48, 0.36, 0.36, 0.36, 0.625, 0.4782608695652174, 0.6521739130434783], 0.4302614269788183, 0.11757910923478708], [3, [0.5925925925925926, 0.5, 0.5769230769230769, 0.8, 0.68, 0.6, 0.6, 0.25, 0.6521739130434783, 0.6521739130434783], 0.5903863495602627, 0.13564933679158178], [4, [0.5925925925925926, 0.5769230769230769, 0.34615384615384615, 0.76, 0.36, 0.6, 0.56, 0.625, 0.6521739130434783, 0.6521739130434783], 0.5725017341756473, 0.12179202439271299]]}