{"CART": [[1, [0.8, 0.75, 0.0, 0.5, 0.75, 0.3333333333333333, 0.6666666666666666, 0.0, 0.0, 0.3333333333333333], 0.4133333333333333, 0.31196509776291037], [2, [0.6, 0.25, 0.25, 0.75, 0.5, 0.3333333333333333, 0.6666666666666666, 0.6666666666666666, 0.6666666666666666, 0.3333333333333333], 0.5016666666666667, 0.1834015024777908], [3, [0.4, 0.75, 0.75, 1.0, 1.0, 0.3333333333333333, 0.6666666666666666, 0.3333333333333333, 0.3333333333333333, 0.6666666666666666], 0.6233333333333333, 0.24935472279020057], [4, [0.8, 0.5, 0.75, 0.75, 1.0, 0.3333333333333333, 0.6666666666666666, 0.3333333333333333, 0.3333333333333333, 0.6666666666666666], 0.6133333333333333, 0.21804688588568386]], "SVM": [[1, [0.6, 0.5, 0.0, 0.5, 0.5, 0.3333333333333333, 0.6666666666666666, 0.3333333333333333, 0.6666666666666666, 0.3333333333333333], 0.44333333333333336, 0.19151443229630963], [2, [0.6, 0.5, 0.5, 0.5, 0.5, 0.6666666666666666, 0.6666666666666666, 0.6666666666666666, 0.6666666666666666, 0.6666666666666666], 0.5933333333333334, 0.07859884081701062], [3, [0.6, 0.5, 0.5, 0.5, 0.5, 0.6666666666666666, 0.6666666666666666, 0.6666666666666666, 0.6666666666666666, 0.6666666666666666], 0.5933333333333334, 0.07859884081701062], [4, [0.6, 0.5, 0.5, 0.5, 0.5, 0.6666666666666666, 0.6666666666666666, 0.6666666666666666, 0.6666666666666666, 0.6666666666666666], 0.5933333333333334, 0.07859884081701062]], "NB": [[1, [0.8, 0.75, 0.75, 0.5, 0.75, 0.6666666666666666, 0.6666666666666666, 1.0, 0.6666666666666666, 0.6666666666666666], 0.7216666666666667, 0.12134661099511597], [2, [0.8, 0.75, 0.75, 0.5, 1.0, 0.6666666666666666, 0.6666666666666666, 1.0, 0.6666666666666666, 0.6666666666666666], 0.7466666666666667, 0.14753530650887153], [3, [0.8, 0.75, 0.75, 0.5, 1.0, 0.6666666666666666, 0.3333333333333333, 1.0, 0.6666666666666666, 0.3333333333333333], 0.6799999999999999, 0.2240783593101108], [4, [0.8, 0.75, 0.75, 0.5, 1.0, 0.3333333333333333, 0.6666666666666666, 0.6666666666666666, 0.0, 0.6666666666666666], 0.6133333333333334, 0.2641338044754338]], "ANN": [[1, [0.4, 0.5, 0.5, 0.5, 0.5, 0.6666666666666666, 0.6666666666666666, 0.3333333333333333, 0.6666666666666666, 0.3333333333333333], 0.5066666666666666, 0.1218377792166471], [2, [0.6, 0.5, 0.75, 0.5, 0.5, 0.6666666666666666, 0.6666666666666666, 0.6666666666666666, 0.6666666666666666, 0.3333333333333333], 0.585, 0.11795714852813664], [3, [0.6, 0.5, 0.75, 0.0, 0.75, 0.3333333333333333, 0.3333333333333333, 0.6666666666666666, 0.3333333333333333, 0.3333333333333333], 0.45999999999999996, 0.22536390325180491], [4, [0.6, 0.5, 0.5, 0.5, 0.5, 0.3333333333333333, 0.6666666666666666, 0.3333333333333333, 0.6666666666666666, 0.6666666666666666], 0.5266666666666667, 0.11907047399661166]]}