{"CART": [[1, [0.6, 0.75, 0.75, 0.25, 0.5, 0.3333333333333333, 0.6666666666666666, 0.0, 0.6666666666666666, 0.6666666666666666], 0.5183333333333333, 0.2356374333589636], [2, [0.6, 0.5, 0.5, 0.25, 0.5, 0.0, 0.6666666666666666, 0.0, 0.6666666666666666, 0.6666666666666666], 0.43499999999999994, 0.24770614310778272], [3, [0.6, 0.5, 0.75, 0.75, 0.75, 1.0, 0.6666666666666666, 1.0, 0.3333333333333333, 0.6666666666666666], 0.7016666666666667, 0.19342670159233158], [4, [0.8, 0.5, 0.75, 0.75, 0.5, 1.0, 0.6666666666666666, 0.6666666666666666, 0.3333333333333333, 0.3333333333333333], 0.6299999999999999, 0.20176994600562073]], "SVM": [[1, [0.6, 0.5, 0.5, 0.25, 0.5, 0.3333333333333333, 0.6666666666666666, 0.0, 0.3333333333333333, 0.6666666666666666], 0.43500000000000005, 0.1978284891291219], [2, [0.6, 0.5, 0.5, 0.5, 0.5, 0.6666666666666666, 0.6666666666666666, 0.6666666666666666, 0.6666666666666666, 0.6666666666666666], 0.5933333333333334, 0.07859884081701062], [3, [0.6, 0.5, 0.5, 0.5, 0.5, 0.6666666666666666, 0.6666666666666666, 0.6666666666666666, 0.6666666666666666, 0.3333333333333333], 0.5599999999999999, 0.10624918300339484], [4, [0.6, 0.5, 0.5, 0.5, 0.5, 0.6666666666666666, 0.6666666666666666, 0.6666666666666666, 0.6666666666666666, 0.6666666666666666], 0.5933333333333334, 0.07859884081701062]], "NB": [[1, [0.4, 0.5, 0.5, 0.5, 0.5, 0.0, 0.6666666666666666, 0.6666666666666666, 0.3333333333333333, 0.6666666666666666], 0.47333333333333333, 0.19078784028338913], [2, [0.6, 0.5, 0.5, 0.5, 0.5, 0.0, 0.6666666666666666, 0.6666666666666666, 0.3333333333333333, 0.6666666666666666], 0.49333333333333335, 0.19252705437591536], [3, [0.6, 0.5, 0.75, 0.75, 0.5, 0.0, 0.6666666666666666, 0.3333333333333333, 0.3333333333333333, 0.6666666666666666], 0.51, 0.2225109235770485], [4, [0.8, 0.75, 0.75, 0.5, 0.5, 0.3333333333333333, 0.3333333333333333, 0.3333333333333333, 0.3333333333333333, 0.6666666666666666], 0.53, 0.18571184369578825]], "ANN": [[1, [0.6, 0.5, 0.5, 0.25, 0.5, 0.0, 0.6666666666666666, 0.0, 0.3333333333333333, 0.6666666666666666], 0.40166666666666667, 0.23646117839698103], [2, [0.6, 0.5, 0.5, 0.25, 0.5, 0.0, 0.3333333333333333, 0.0, 0.6666666666666666, 0.6666666666666666], 0.40166666666666667, 0.23646117839698103], [3, [0.4, 0.5, 0.5, 0.5, 0.5, 0.6666666666666666, 0.6666666666666666, 0.3333333333333333, 0.6666666666666666, 0.6666666666666666], 0.54, 0.11527744310527054], [4, [0.6, 0.75, 0.5, 0.0, 0.5, 0.6666666666666666, 0.3333333333333333, 0.0, 0.3333333333333333, 0.6666666666666666], 0.43499999999999994, 0.25325108313906797]]}