{"CART": [[1, [0.6, 0.5, 0.5, 0.5, 0.5, 0.6666666666666666, 0.6666666666666666, 0.6666666666666666, 0.6666666666666666, 0.6666666666666666], 0.5933333333333334, 0.07859884081701062], [2, [0.8, 0.75, 0.5, 0.5, 0.75, 0.0, 1.0, 0.0, 0.3333333333333333, 0.6666666666666666], 0.53, 0.318049611783375], [3, [0.8, 0.75, 0.5, 0.75, 1.0, 0.3333333333333333, 0.6666666666666666, 0.3333333333333333, 0.3333333333333333, 0.6666666666666666], 0.6133333333333333, 0.21804688588568386], [4, [0.4, 0.75, 0.75, 0.75, 1.0, 0.3333333333333333, 0.6666666666666666, 0.3333333333333333, 0.3333333333333333, 0.6666666666666666], 0.5983333333333333, 0.22129040748402187]], "SVM": [[1, [0.6, 0.5, 0.0, 0.5, 0.5, 0.3333333333333333, 0.6666666666666666, 0.3333333333333333, 0.6666666666666666, 0.3333333333333333], 0.44333333333333336, 0.19151443229630963], [2, [0.6, 0.5, 0.5, 0.5, 0.5, 0.6666666666666666, 0.6666666666666666, 0.6666666666666666, 0.6666666666666666, 0.6666666666666666], 0.5933333333333334, 0.07859884081701062], [3, [0.6, 0.5, 0.5, 0.5, 0.5, 0.6666666666666666, 0.6666666666666666, 0.6666666666666666, 0.6666666666666666, 0.6666666666666666], 0.5933333333333334, 0.07859884081701062], [4, [0.6, 0.5, 0.5, 0.5, 0.5, 0.6666666666666666, 0.6666666666666666, 0.6666666666666666, 0.6666666666666666, 0.6666666666666666], 0.5933333333333334, 0.07859884081701062]], "NB": [[1, [0.8, 0.75, 0.75, 0.5, 0.75, 0.6666666666666666, 0.6666666666666666, 1.0, 0.6666666666666666, 0.6666666666666666], 0.7216666666666667, 0.12134661099511597], [2, [0.6, 0.5, 0.5, 0.5, 0.5, 0.0, 0.6666666666666666, 0.6666666666666666, 0.3333333333333333, 0.6666666666666666], 0.49333333333333335, 0.19252705437591536], [3, [0.8, 0.75, 1.0, 0.5, 1.0, 0.3333333333333333, 0.6666666666666666, 0.6666666666666666, 0.3333333333333333, 0.6666666666666666], 0.6716666666666666, 0.22286642736052562], [4, [0.8, 0.75, 0.75, 0.5, 1.0, 0.6666666666666666, 0.3333333333333333, 1.0, 0.6666666666666666, 0.3333333333333333], 0.6799999999999999, 0.2240783593101108]], "ANN": [[1, [0.4, 0.5, 0.5, 0.5, 0.5, 0.3333333333333333, 0.3333333333333333, 0.3333333333333333, 0.3333333333333333, 0.6666666666666666], 0.44000000000000006, 0.10624918300339485], [2, [0.6, 0.5, 0.5, 0.5, 0.5, 0.3333333333333333, 0.6666666666666666, 0.6666666666666666, 0.6666666666666666, 0.6666666666666666], 0.56, 0.10624918300339484], [3, [0.6, 0.5, 0.5, 0.5, 0.5, 0.3333333333333333, 0.6666666666666666, 0.6666666666666666, 0.6666666666666666, 0.3333333333333333], 0.5266666666666666, 0.11907047399661166], [4, [0.4, 0.5, 0.5, 0.5, 0.5, 0.6666666666666666, 0.3333333333333333, 0.6666666666666666, 0.6666666666666666, 0.6666666666666666], 0.54, 0.11527744310527054]]}