{"CART": [[1, [0.6, 0.75, 0.75, 0.25, 0.5, 0.3333333333333333, 0.6666666666666666, 0.0, 0.6666666666666666, 0.6666666666666666], 0.5183333333333333, 0.2356374333589636], [2, [0.6, 0.5, 0.5, 0.5, 0.5, 0.6666666666666666, 0.6666666666666666, 0.6666666666666666, 0.6666666666666666, 0.6666666666666666], 0.5933333333333334, 0.07859884081701062], [3, [0.6, 0.5, 0.75, 0.75, 0.75, 1.0, 0.6666666666666666, 1.0, 0.3333333333333333, 0.6666666666666666], 0.7016666666666667, 0.19342670159233158], [4, [0.4, 0.5, 0.75, 0.75, 1.0, 1.0, 0.6666666666666666, 0.6666666666666666, 0.3333333333333333, 0.3333333333333333], 0.6399999999999999, 0.2345444757633637]], "SVM": [[1, [0.6, 0.5, 0.5, 0.25, 0.5, 0.3333333333333333, 0.6666666666666666, 0.0, 0.3333333333333333, 0.6666666666666666], 0.43500000000000005, 0.1978284891291219], [2, [0.6, 0.5, 0.5, 0.5, 0.5, 0.3333333333333333, 0.6666666666666666, 0.0, 0.3333333333333333, 0.6666666666666666], 0.4600000000000001, 0.18844392033470095], [3, [0.6, 0.5, 0.5, 0.5, 0.5, 0.6666666666666666, 0.6666666666666666, 0.6666666666666666, 0.6666666666666666, 0.3333333333333333], 0.5599999999999999, 0.10624918300339484], [4, [0.6, 0.5, 0.5, 0.5, 0.5, 0.6666666666666666, 0.6666666666666666, 0.6666666666666666, 0.6666666666666666, 0.6666666666666666], 0.5933333333333334, 0.07859884081701062]], "NB": [[1, [0.4, 0.5, 0.5, 0.5, 0.5, 0.0, 0.6666666666666666, 0.6666666666666666, 0.3333333333333333, 0.6666666666666666], 0.47333333333333333, 0.19078784028338913], [2, [0.6, 0.5, 0.5, 0.5, 0.5, 0.0, 0.6666666666666666, 0.6666666666666666, 0.3333333333333333, 0.6666666666666666], 0.49333333333333335, 0.19252705437591536], [3, [0.6, 0.5, 0.75, 0.75, 0.5, 0.0, 0.6666666666666666, 0.3333333333333333, 0.3333333333333333, 0.6666666666666666], 0.51, 0.2225109235770485], [4, [0.8, 0.75, 0.75, 0.5, 0.5, 0.3333333333333333, 0.3333333333333333, 0.3333333333333333, 0.3333333333333333, 0.6666666666666666], 0.53, 0.18571184369578825]], "ANN": [[1, [0.4, 0.5, 0.5, 0.25, 0.5, 0.0, 0.6666666666666666, 0.0, 0.3333333333333333, 0.6666666666666666], 0.38166666666666665, 0.2271135301023599], [2, [0.6, 0.5, 0.5, 0.5, 0.5, 0.6666666666666666, 0.6666666666666666, 0.6666666666666666, 0.6666666666666666, 0.6666666666666666], 0.5933333333333334, 0.07859884081701062], [3, [0.6, 0.5, 0.5, 0.5, 0.5, 0.6666666666666666, 0.3333333333333333, 0.3333333333333333, 0.3333333333333333, 0.6666666666666666], 0.49333333333333335, 0.1218377792166471], [4, [0.6, 0.5, 0.5, 0.5, 0.5, 0.3333333333333333, 0.3333333333333333, 0.0, 1.0, 0.3333333333333333], 0.45999999999999996, 0.24027761721253468]]}