{"CART": [[1, [0.5909090909090909, 0.6818181818181818, 0.7619047619047619, 0.6666666666666666, 0.5714285714285714, 0.6666666666666666, 0.65, 0.7, 0.8, 0.65], 0.673939393939394, 0.06559335872618673], [2, [0.6818181818181818, 0.8181818181818182, 0.7142857142857143, 0.7619047619047619, 0.5714285714285714, 0.7142857142857143, 0.65, 0.75, 0.9, 0.7], 0.7261904761904762, 0.08556230787385728], [3, [0.7727272727272727, 0.8636363636363636, 0.8571428571428571, 0.9047619047619048, 0.6666666666666666, 0.7142857142857143, 0.7, 0.8, 0.9, 0.9], 0.8079220779220779, 0.08575014554436436], [4, [1.0, 0.9090909090909091, 0.9047619047619048, 0.9523809523809523, 0.9523809523809523, 0.8571428571428571, 0.85, 0.9, 0.85, 0.95], 0.9125757575757575, 0.04831985784081648], [5, [0.9545454545454546, 0.8636363636363636, 0.9047619047619048, 0.9523809523809523, 0.9047619047619048, 0.9523809523809523, 0.85, 0.9, 0.95, 0.95], 0.9182467532467532, 0.037417857286691496], [6, [0.9545454545454546, 0.9090909090909091, 0.8095238095238095, 0.9523809523809523, 0.9523809523809523, 0.8571428571428571, 0.85, 0.9, 0.8, 0.95], 0.8935064935064935, 0.05757290947615028], [7, [0.9545454545454546, 0.9090909090909091, 0.7142857142857143, 0.9523809523809523, 0.9523809523809523, 0.8095238095238095, 0.85, 0.9, 0.85, 0.95], 0.8842207792207791, 0.07498751793585244], [8, [0.9545454545454546, 0.9090909090909091, 0.8571428571428571, 1.0, 0.9523809523809523, 0.8095238095238095, 0.85, 1.0, 0.9, 0.95], 0.9182683982683983, 0.061226585235531726], [9, [0.9090909090909091, 0.9090909090909091, 0.8571428571428571, 1.0, 0.9523809523809523, 0.9047619047619048, 0.85, 1.0, 0.95, 1.0], 0.9332467532467532, 0.05358637685537994], [10, [0.9090909090909091, 0.9090909090909091, 0.8571428571428571, 1.0, 0.9523809523809523, 0.9047619047619048, 0.85, 1.0, 0.95, 1.0], 0.9332467532467532, 0.05358637685537994]], "SVM": [[1, [0.5909090909090909, 0.6363636363636364, 0.7619047619047619, 0.6190476190476191, 0.5714285714285714, 0.5714285714285714, 0.7, 0.7, 0.8, 0.7], 0.6651082251082251, 0.07564573067285302], [2, [0.6363636363636364, 0.7727272727272727, 0.7619047619047619, 0.8571428571428571, 0.6666666666666666, 0.7142857142857143, 0.7, 0.75, 0.85, 0.75], 0.7459090909090909, 0.06753048684519067], [3, [0.7272727272727273, 0.8636363636363636, 0.8571428571428571, 0.9047619047619048, 0.7142857142857143, 0.8095238095238095, 0.7, 0.8, 0.85, 0.85], 0.8076623376623375, 0.06740158256735312], [4, [1.0, 0.9090909090909091, 0.9047619047619048, 0.9523809523809523, 0.9523809523809523, 0.8571428571428571, 0.85, 0.9, 0.85, 0.95], 0.9125757575757575, 0.04831985784081648], [5, [1.0, 0.9090909090909091, 0.9047619047619048, 0.9523809523809523, 0.9523809523809523, 0.8571428571428571, 0.85, 0.9, 0.85, 0.95], 0.9125757575757575, 0.04831985784081648], [6, [1.0, 0.9090909090909091, 0.8095238095238095, 0.9523809523809523, 0.9523809523809523, 0.8571428571428571, 0.85, 0.9, 0.85, 0.95], 0.903051948051948, 0.05744536956153552], [7, [0.9090909090909091, 0.9090909090909091, 0.7142857142857143, 1.0, 0.9523809523809523, 0.8095238095238095, 0.85, 0.85, 0.85, 0.95], 0.8794372294372295, 0.07833039962735652], [8, [0.9545454545454546, 0.9090909090909091, 0.8571428571428571, 1.0, 0.9523809523809523, 0.9047619047619048, 0.85, 1.0, 0.95, 1.0], 0.9377922077922077, 0.05327148969641259], [9, [0.9090909090909091, 0.8636363636363636, 0.8571428571428571, 0.9523809523809523, 0.9047619047619048, 0.8571428571428571, 0.9, 1.0, 0.95, 1.0], 0.9194155844155842, 0.05155115788491201], [10, [0.9090909090909091, 0.8636363636363636, 0.8571428571428571, 0.9523809523809523, 0.9047619047619048, 0.8571428571428571, 0.9, 1.0, 0.95, 1.0], 0.9194155844155842, 0.05155115788491201]], "NB": [[1, [0.5909090909090909, 0.7727272727272727, 0.7142857142857143, 0.8571428571428571, 0.7619047619047619, 0.6666666666666666, 0.65, 0.65, 0.8, 0.95], 0.7413636363636364, 0.1036445118439305], [2, [0.8181818181818182, 0.7727272727272727, 0.7142857142857143, 0.8095238095238095, 0.6666666666666666, 0.7619047619047619, 0.75, 0.75, 0.8, 0.75], 0.7593290043290042, 0.04324320518099283], [3, [0.9090909090909091, 0.8636363636363636, 0.8571428571428571, 0.9523809523809523, 0.8571428571428571, 0.7619047619047619, 0.75, 0.8, 0.85, 0.9], 0.8501298701298701, 0.06084586139559612], [4, [1.0, 0.9090909090909091, 0.9047619047619048, 0.9523809523809523, 0.9523809523809523, 0.8571428571428571, 0.85, 0.9, 0.85, 0.95], 0.9125757575757575, 0.04831985784081648], [5, [1.0, 0.9090909090909091, 0.9047619047619048, 0.9523809523809523, 0.9523809523809523, 0.8571428571428571, 0.85, 0.9, 0.85, 0.95], 0.9125757575757575, 0.04831985784081648], [6, [1.0, 0.9090909090909091, 0.9047619047619048, 0.9523809523809523, 0.9523809523809523, 0.8571428571428571, 0.85, 0.9, 0.85, 0.95], 0.9125757575757575, 0.04831985784081648], [7, [0.9545454545454546, 0.9090909090909091, 0.8095238095238095, 0.9523809523809523, 0.9523809523809523, 0.8571428571428571, 0.85, 0.9, 0.85, 0.95], 0.8985064935064934, 0.05103503669523576], [8, [0.9545454545454546, 0.9090909090909091, 0.8571428571428571, 0.9523809523809523, 0.9523809523809523, 0.8571428571428571, 0.85, 0.9, 0.85, 0.95], 0.9032683982683981, 0.04428546567406404], [9, [0.9545454545454546, 0.9090909090909091, 0.8571428571428571, 1.0, 0.9523809523809523, 0.8571428571428571, 0.85, 1.0, 0.9, 1.0], 0.9280303030303031, 0.05841070614198564], [10, [0.9545454545454546, 0.9090909090909091, 0.7619047619047619, 1.0, 0.9523809523809523, 0.8571428571428571, 0.85, 1.0, 0.9, 1.0], 0.9185064935064935, 0.07468851442585013]], "ANN": [[1, [0.6818181818181818, 0.6818181818181818, 0.6666666666666666, 0.3333333333333333, 0.3333333333333333, 0.6666666666666666, 0.3, 0.7, 0.7, 0.3], 0.5363636363636364, 0.18000102030115886], [2, [0.3181818181818182, 0.6818181818181818, 0.6666666666666666, 0.6666666666666666, 0.6666666666666666, 0.6666666666666666, 0.3, 0.25, 0.7, 0.3], 0.5216666666666667, 0.18842302649782627], [3, [0.6818181818181818, 0.6818181818181818, 0.7142857142857143, 0.6666666666666666, 0.6666666666666666, 0.3333333333333333, 0.3, 0.3, 0.3, 0.7], 0.5344588744588744, 0.1853357123896758], [4, [0.6818181818181818, 0.3181818181818182, 0.6666666666666666, 0.6666666666666666, 0.6666666666666666, 0.6666666666666666, 0.3, 0.7, 0.3, 0.95], 0.5916666666666666, 0.20388698727792123], [5, [0.6818181818181818, 0.3181818181818182, 0.6666666666666666, 0.6666666666666666, 0.6666666666666666, 0.3333333333333333, 0.7, 0.3, 0.3, 0.7], 0.5333333333333333, 0.1805867388484932], [6, [0.3181818181818182, 0.3181818181818182, 0.3333333333333333, 0.6666666666666666, 0.6666666666666666, 0.3333333333333333, 0.3, 0.3, 0.7, 0.7], 0.4636363636363637, 0.18000102030115886], [7, [0.6818181818181818, 0.3181818181818182, 0.3333333333333333, 0.3333333333333333, 0.6666666666666666, 0.6666666666666666, 0.85, 0.7, 0.3, 1.0], 0.5849999999999999, 0.2361094690160583], [8, [0.6818181818181818, 0.3181818181818182, 0.6666666666666666, 0.3333333333333333, 0.3333333333333333, 0.6666666666666666, 0.3, 0.7, 0.7, 0.65], 0.535, 0.1753501678329536], [9, [0.3181818181818182, 0.9090909090909091, 0.3333333333333333, 0.3333333333333333, 0.6666666666666666, 0.3333333333333333, 0.3, 0.7, 0.7, 0.7], 0.5293939393939394, 0.21514746048249353], [10, [0.6818181818181818, 0.3181818181818182, 0.6666666666666666, 0.6666666666666666, 0.3333333333333333, 0.6666666666666666, 0.3, 0.3, 0.7, 0.7], 0.5333333333333333, 0.18058673884849322]]}