{"CART": [[1, [0.5909090909090909, 0.6818181818181818, 0.7619047619047619, 0.6666666666666666, 0.5714285714285714, 0.6666666666666666, 0.65, 0.7, 0.8, 0.65], 0.673939393939394, 0.06559335872618673], [2, [0.7727272727272727, 0.8181818181818182, 0.8571428571428571, 0.9523809523809523, 0.9047619047619048, 0.7619047619047619, 0.85, 0.95, 0.9, 0.9], 0.8667099567099568, 0.06362685089543299], [3, [0.8181818181818182, 0.7727272727272727, 0.8571428571428571, 1.0, 0.8571428571428571, 0.9047619047619048, 0.85, 1.0, 0.95, 1.0], 0.9009956709956709, 0.07847215652756806], [4, [0.8181818181818182, 0.7272727272727273, 0.8571428571428571, 1.0, 0.8095238095238095, 0.9047619047619048, 0.85, 1.0, 0.95, 0.9], 0.8816883116883117, 0.08259606395314088], [5, [0.8181818181818182, 0.8636363636363636, 0.8571428571428571, 1.0, 0.8571428571428571, 0.9047619047619048, 0.85, 1.0, 0.95, 0.95], 0.90508658008658, 0.06241309244106116], [6, [0.9090909090909091, 0.8636363636363636, 0.9523809523809523, 1.0, 0.8571428571428571, 0.9047619047619048, 0.9, 1.0, 1.0, 0.95], 0.9337012987012987, 0.052106005353815966], [7, [0.9090909090909091, 0.8636363636363636, 0.9523809523809523, 1.0, 0.8571428571428571, 0.9047619047619048, 0.9, 1.0, 1.0, 0.95], 0.9337012987012987, 0.052106005353815966], [8, [0.9090909090909091, 0.8636363636363636, 0.9523809523809523, 1.0, 0.8571428571428571, 0.9047619047619048, 0.9, 1.0, 1.0, 0.95], 0.9337012987012987, 0.052106005353815966], [9, [0.9090909090909091, 0.8636363636363636, 0.9523809523809523, 1.0, 0.9047619047619048, 0.9047619047619048, 0.9, 1.0, 1.0, 0.95], 0.9384632034632034, 0.0467973226984478], [10, [0.9090909090909091, 0.8636363636363636, 0.9523809523809523, 1.0, 0.9523809523809523, 0.9047619047619048, 0.9, 1.0, 1.0, 1.0], 0.9482251082251082, 0.048640057695365245]], "SVM": [[1, [0.5909090909090909, 0.6363636363636364, 0.7619047619047619, 0.6190476190476191, 0.5714285714285714, 0.5714285714285714, 0.7, 0.7, 0.8, 0.7], 0.6651082251082251, 0.07564573067285302], [2, [0.7727272727272727, 0.9090909090909091, 0.8571428571428571, 0.9523809523809523, 0.9047619047619048, 0.7142857142857143, 0.85, 0.9, 0.85, 0.85], 0.8560389610389609, 0.06599108484616636], [3, [0.8181818181818182, 0.8636363636363636, 0.8571428571428571, 1.0, 0.9047619047619048, 0.8095238095238095, 0.75, 0.9, 0.9, 0.85], 0.8653246753246753, 0.06406098577617342], [4, [0.8636363636363636, 0.9090909090909091, 0.8571428571428571, 1.0, 0.9047619047619048, 0.8095238095238095, 0.75, 0.9, 0.9, 0.95], 0.8844155844155844, 0.06634875285981726], [5, [0.8636363636363636, 0.9090909090909091, 0.8571428571428571, 1.0, 0.9523809523809523, 0.8571428571428571, 0.8, 1.0, 0.9, 0.9], 0.9039393939393939, 0.06137345027915517], [6, [0.8636363636363636, 0.9090909090909091, 0.9047619047619048, 1.0, 0.9523809523809523, 0.8571428571428571, 0.85, 1.0, 0.9, 0.95], 0.9187012987012986, 0.0524506887940555], [7, [0.8636363636363636, 0.9090909090909091, 0.8571428571428571, 1.0, 0.9523809523809523, 0.8095238095238095, 0.85, 1.0, 0.9, 1.0], 0.9141774891774892, 0.06682917521053569], [8, [0.8181818181818182, 0.9090909090909091, 0.8571428571428571, 1.0, 0.9523809523809523, 0.8571428571428571, 0.85, 0.95, 0.95, 1.0], 0.9143939393939393, 0.06214679247673119], [9, [0.8181818181818182, 0.9090909090909091, 0.8571428571428571, 1.0, 0.9523809523809523, 0.9047619047619048, 0.8, 1.0, 0.95, 1.0], 0.9191558441558442, 0.07085941747860826], [10, [0.8181818181818182, 0.9090909090909091, 0.8571428571428571, 1.0, 0.9047619047619048, 0.8571428571428571, 0.8, 1.0, 0.9, 1.0], 0.9046320346320347, 0.07089319232516271]], "NB": [[1, [0.5909090909090909, 0.7727272727272727, 0.7142857142857143, 0.8571428571428571, 0.7619047619047619, 0.6666666666666666, 0.65, 0.65, 0.8, 0.95], 0.7413636363636364, 0.1036445118439305], [2, [0.9090909090909091, 0.9090909090909091, 0.7142857142857143, 0.9523809523809523, 0.9047619047619048, 0.8095238095238095, 0.95, 0.95, 0.9, 0.9], 0.8899134199134199, 0.07042022092305354], [3, [0.8636363636363636, 0.8636363636363636, 0.7142857142857143, 0.9047619047619048, 0.9047619047619048, 0.8095238095238095, 0.9, 0.95, 0.85, 0.95], 0.8710606060606059, 0.06670144774947047], [4, [0.8636363636363636, 0.8181818181818182, 0.7619047619047619, 0.9047619047619048, 0.9047619047619048, 0.8095238095238095, 0.9, 1.0, 0.85, 0.95], 0.8762770562770562, 0.06685083068922], [5, [0.8636363636363636, 0.8636363636363636, 0.8095238095238095, 0.9523809523809523, 0.9047619047619048, 0.8571428571428571, 0.85, 1.0, 0.85, 1.0], 0.8951082251082252, 0.06339909236693697], [6, [0.9090909090909091, 0.8636363636363636, 0.9523809523809523, 0.9523809523809523, 0.9047619047619048, 0.8571428571428571, 0.8, 1.0, 0.85, 1.0], 0.9089393939393939, 0.06360249194265852], [7, [0.8636363636363636, 0.9090909090909091, 0.8571428571428571, 0.9523809523809523, 0.9047619047619048, 0.9047619047619048, 0.85, 1.0, 0.9, 1.0], 0.9141774891774892, 0.0514983465987441], [8, [0.9090909090909091, 0.9090909090909091, 0.8095238095238095, 1.0, 0.9523809523809523, 0.8571428571428571, 0.85, 1.0, 0.9, 1.0], 0.9187229437229437, 0.06475047717891369], [9, [0.9545454545454546, 0.9090909090909091, 0.8095238095238095, 1.0, 0.9523809523809523, 0.9523809523809523, 0.85, 1.0, 0.9, 1.0], 0.9327922077922078, 0.062030663150212405], [10, [0.9545454545454546, 0.9090909090909091, 0.8095238095238095, 1.0, 0.9523809523809523, 0.9523809523809523, 0.85, 1.0, 0.9, 1.0], 0.9327922077922078, 0.062030663150212405]], "ANN": [[1, [0.3181818181818182, 0.6818181818181818, 0.6666666666666666, 0.6666666666666666, 0.6666666666666666, 0.3333333333333333, 0.3, 0.3, 0.3, 0.7], 0.49333333333333335, 0.1835163123937503], [2, [0.6818181818181818, 0.9090909090909091, 0.3333333333333333, 0.3333333333333333, 0.6666666666666666, 0.6666666666666666, 0.3, 0.7, 0.7, 0.7], 0.599090909090909, 0.19321859424159438], [3, [0.6818181818181818, 0.6818181818181818, 0.8571428571428571, 0.6666666666666666, 0.6666666666666666, 0.42857142857142855, 0.7, 0.3, 0.3, 0.7], 0.5982683982683982, 0.17825754914645797], [4, [0.6818181818181818, 0.6818181818181818, 0.3333333333333333, 0.3333333333333333, 0.9523809523809523, 0.6666666666666666, 0.3, 0.7, 0.3, 0.7], 0.564935064935065, 0.2172399446024047], [5, [0.36363636363636365, 0.6818181818181818, 0.8571428571428571, 0.3333333333333333, 0.6666666666666666, 0.6666666666666666, 0.7, 0.7, 0.3, 0.3], 0.5569264069264068, 0.19751736335015493], [6, [0.3181818181818182, 0.6818181818181818, 0.3333333333333333, 0.6666666666666666, 0.3333333333333333, 0.6666666666666666, 0.3, 1.0, 0.3, 0.3], 0.48999999999999994, 0.23371495749961102], [7, [0.3181818181818182, 0.9090909090909091, 0.3333333333333333, 0.6666666666666666, 0.6666666666666666, 0.3333333333333333, 0.3, 0.3, 0.3, 0.3], 0.44272727272727275, 0.2094570794599803], [8, [0.3181818181818182, 0.6818181818181818, 0.6666666666666666, 0.6666666666666666, 0.9523809523809523, 0.6666666666666666, 0.7, 0.7, 0.3, 0.7], 0.6352380952380952, 0.18199014749526646], [9, [0.3181818181818182, 0.6818181818181818, 0.6666666666666666, 0.6666666666666666, 0.9523809523809523, 0.6666666666666666, 0.7, 0.3, 0.3, 0.7], 0.5952380952380952, 0.20576554960536148], [10, [0.6818181818181818, 0.3181818181818182, 0.6666666666666666, 0.6666666666666666, 0.6666666666666666, 0.9523809523809523, 0.7, 0.7, 0.7, 0.7], 0.6752380952380952, 0.14387969337714487]]}