{"CART": [[1, [0.5909090909090909, 0.6818181818181818, 0.7619047619047619, 0.6666666666666666, 0.5714285714285714, 0.6666666666666666, 0.65, 0.7, 0.8, 0.65], 0.673939393939394, 0.06559335872618673], [2, [0.6818181818181818, 0.8181818181818182, 0.7142857142857143, 0.7619047619047619, 0.5714285714285714, 0.7142857142857143, 0.65, 0.75, 0.9, 0.7], 0.7261904761904762, 0.08556230787385728], [3, [0.7727272727272727, 0.8636363636363636, 0.8571428571428571, 0.9047619047619048, 0.6666666666666666, 0.7142857142857143, 0.7, 0.8, 0.9, 0.9], 0.8079220779220779, 0.08575014554436436], [4, [0.9545454545454546, 0.9090909090909091, 0.9047619047619048, 0.9523809523809523, 0.8571428571428571, 0.9523809523809523, 0.85, 0.9, 0.95, 0.95], 0.918030303030303, 0.03828037583610443], [5, [0.9545454545454546, 0.8636363636363636, 0.9047619047619048, 0.9523809523809523, 0.9047619047619048, 0.9047619047619048, 0.85, 0.9, 0.95, 0.95], 0.9134848484848483, 0.035764368661817265], [6, [0.8636363636363636, 0.8636363636363636, 0.9047619047619048, 0.9523809523809523, 0.8571428571428571, 0.9047619047619048, 0.8, 0.9, 0.95, 0.9], 0.8896320346320346, 0.04323832950126114], [7, [0.9090909090909091, 0.9090909090909091, 0.9047619047619048, 1.0, 0.9047619047619048, 0.7619047619047619, 0.8, 1.0, 0.9, 0.9], 0.898961038961039, 0.0701926927210354], [8, [0.9545454545454546, 0.9090909090909091, 0.9523809523809523, 1.0, 0.9047619047619048, 0.7619047619047619, 0.9, 1.0, 0.95, 1.0], 0.9332683982683981, 0.06806373682079124], [9, [0.9090909090909091, 0.8636363636363636, 0.9523809523809523, 1.0, 0.9047619047619048, 0.9047619047619048, 0.9, 1.0, 1.0, 0.95], 0.9384632034632034, 0.0467973226984478], [10, [0.9090909090909091, 0.8636363636363636, 0.9523809523809523, 1.0, 0.9047619047619048, 0.8571428571428571, 0.9, 1.0, 1.0, 0.95], 0.9337012987012987, 0.052106005353815966]], "SVM": [[1, [0.5909090909090909, 0.6363636363636364, 0.7619047619047619, 0.6190476190476191, 0.5714285714285714, 0.5714285714285714, 0.7, 0.7, 0.8, 0.7], 0.6651082251082251, 0.07564573067285302], [2, [0.6363636363636364, 0.7727272727272727, 0.7619047619047619, 0.8571428571428571, 0.6666666666666666, 0.7142857142857143, 0.7, 0.75, 0.85, 0.75], 0.7459090909090909, 0.06753048684519067], [3, [0.7272727272727273, 0.8636363636363636, 0.8571428571428571, 0.9047619047619048, 0.7142857142857143, 0.8095238095238095, 0.7, 0.8, 0.85, 0.85], 0.8076623376623375, 0.06740158256735312], [4, [0.7272727272727273, 0.8636363636363636, 0.9047619047619048, 0.9047619047619048, 0.8095238095238095, 0.9047619047619048, 0.7, 0.8, 0.9, 0.85], 0.8364718614718616, 0.071800243174277], [5, [0.7272727272727273, 0.8636363636363636, 0.9047619047619048, 0.9047619047619048, 0.7619047619047619, 0.8571428571428571, 0.7, 0.8, 0.9, 0.85], 0.8269480519480519, 0.07158458954546308], [6, [0.7272727272727273, 0.8636363636363636, 0.9047619047619048, 0.9047619047619048, 0.7619047619047619, 0.8095238095238095, 0.7, 0.8, 0.9, 0.85], 0.8221861471861471, 0.07099905294975155], [7, [0.7272727272727273, 0.9090909090909091, 0.8571428571428571, 0.9523809523809523, 0.8095238095238095, 0.7619047619047619, 0.8, 0.9, 0.85, 0.9], 0.8467316017316018, 0.0677339409195799], [8, [0.9090909090909091, 0.9090909090909091, 0.8571428571428571, 1.0, 0.8571428571428571, 0.8095238095238095, 0.9, 0.9, 0.85, 0.95], 0.8941991341991342, 0.05166062257333027], [9, [0.8636363636363636, 0.9090909090909091, 0.8571428571428571, 1.0, 0.9523809523809523, 0.7619047619047619, 0.8, 0.95, 0.9, 1.0], 0.8994155844155844, 0.07586325652957861], [10, [0.9090909090909091, 0.8636363636363636, 0.8571428571428571, 0.9523809523809523, 0.9047619047619048, 0.8571428571428571, 0.9, 1.0, 0.95, 1.0], 0.9194155844155842, 0.05155115788491201]], "NB": [[1, [0.5909090909090909, 0.7727272727272727, 0.7142857142857143, 0.8571428571428571, 0.7619047619047619, 0.6666666666666666, 0.65, 0.65, 0.8, 0.95], 0.7413636363636364, 0.1036445118439305], [2, [0.8181818181818182, 0.7727272727272727, 0.7142857142857143, 0.8095238095238095, 0.6666666666666666, 0.7619047619047619, 0.75, 0.75, 0.8, 0.75], 0.7593290043290042, 0.04324320518099283], [3, [0.9090909090909091, 0.8636363636363636, 0.8571428571428571, 0.9523809523809523, 0.8571428571428571, 0.7619047619047619, 0.75, 0.8, 0.85, 0.9], 0.8501298701298701, 0.06084586139559612], [4, [1.0, 0.9090909090909091, 0.9047619047619048, 0.9523809523809523, 0.9523809523809523, 0.8571428571428571, 0.85, 0.9, 0.85, 0.95], 0.9125757575757575, 0.04831985784081648], [5, [1.0, 0.9090909090909091, 0.9047619047619048, 0.9523809523809523, 0.9523809523809523, 0.8571428571428571, 0.85, 0.9, 0.85, 0.95], 0.9125757575757575, 0.04831985784081648], [6, [1.0, 0.9090909090909091, 0.9047619047619048, 0.9523809523809523, 0.9523809523809523, 0.8571428571428571, 0.85, 0.9, 0.85, 0.95], 0.9125757575757575, 0.04831985784081648], [7, [0.9545454545454546, 0.9090909090909091, 0.8095238095238095, 0.9523809523809523, 0.9523809523809523, 0.8571428571428571, 0.85, 0.9, 0.85, 0.95], 0.8985064935064934, 0.05103503669523576], [8, [0.9545454545454546, 0.9090909090909091, 0.8571428571428571, 0.9523809523809523, 0.9523809523809523, 0.8571428571428571, 0.85, 0.9, 0.85, 0.95], 0.9032683982683981, 0.04428546567406404], [9, [0.9545454545454546, 0.9090909090909091, 0.8571428571428571, 1.0, 0.9523809523809523, 0.8571428571428571, 0.85, 1.0, 0.9, 1.0], 0.9280303030303031, 0.05841070614198564], [10, [0.9545454545454546, 0.9090909090909091, 0.7619047619047619, 1.0, 0.9523809523809523, 0.8571428571428571, 0.85, 1.0, 0.9, 1.0], 0.9185064935064935, 0.07468851442585013]], "ANN": [[1, [0.6818181818181818, 0.5, 0.6666666666666666, 0.6666666666666666, 0.6666666666666666, 0.3333333333333333, 0.7, 0.7, 0.7, 0.3], 0.5915151515151514, 0.1484650574318311], [2, [0.6818181818181818, 0.6818181818181818, 0.6666666666666666, 0.6666666666666666, 0.3333333333333333, 0.6666666666666666, 0.7, 0.3, 0.3, 0.45], 0.5446969696969697, 0.16725687507230655], [3, [0.3181818181818182, 0.3181818181818182, 0.3333333333333333, 0.6666666666666666, 0.2857142857142857, 0.6666666666666666, 0.7, 0.7, 0.7, 0.35], 0.5038744588744588, 0.18377085972588586], [4, [0.3181818181818182, 0.6818181818181818, 0.3333333333333333, 0.3333333333333333, 0.6666666666666666, 0.6666666666666666, 0.3, 0.7, 0.3, 0.3], 0.45999999999999996, 0.17922801499499177], [5, [0.3181818181818182, 0.3181818181818182, 0.6666666666666666, 0.6666666666666666, 0.3333333333333333, 0.6666666666666666, 0.3, 0.3, 0.3, 0.3], 0.416969696969697, 0.16379453634886923], [6, [0.3181818181818182, 0.3181818181818182, 0.6666666666666666, 0.3333333333333333, 0.6666666666666666, 0.3333333333333333, 0.7, 0.7, 0.3, 0.7], 0.5036363636363637, 0.1836013567993143], [7, [0.6818181818181818, 0.7272727272727273, 0.3333333333333333, 0.3333333333333333, 0.6190476190476191, 0.6666666666666666, 0.7, 0.7, 0.3, 0.7], 0.5761471861471861, 0.1685919550733519], [8, [0.3181818181818182, 0.9090909090909091, 0.3333333333333333, 0.6666666666666666, 0.6666666666666666, 0.3333333333333333, 0.7, 0.3, 0.7, 0.3], 0.5227272727272727, 0.2159534776278003], [9, [0.3181818181818182, 0.3181818181818182, 0.6666666666666666, 0.3333333333333333, 0.6666666666666666, 0.6666666666666666, 0.3, 0.7, 0.3, 0.35], 0.4619696969696969, 0.17471799395159135], [10, [0.3181818181818182, 0.3181818181818182, 0.3333333333333333, 0.6666666666666666, 0.6666666666666666, 0.6190476190476191, 0.55, 0.3, 0.7, 0.7], 0.5172077922077922, 0.168273673011233]]}