{"CART": [[1, [0.8636363636363636, 0.8181818181818182, 0.8571428571428571, 0.9523809523809523, 0.9047619047619048, 0.8571428571428571, 0.85, 1.0, 0.9, 1.0], 0.9003246753246753, 0.06079094018191152], [2, [0.9090909090909091, 0.8636363636363636, 0.8571428571428571, 1.0, 0.9047619047619048, 0.8571428571428571, 0.9, 1.0, 0.95, 0.95], 0.9191774891774891, 0.05140364081548637], [3, [0.9090909090909091, 0.8636363636363636, 0.8571428571428571, 1.0, 0.9047619047619048, 0.8571428571428571, 0.9, 1.0, 0.95, 0.95], 0.9191774891774891, 0.05140364081548637], [4, [0.8181818181818182, 0.7272727272727273, 0.8571428571428571, 1.0, 0.8095238095238095, 0.9047619047619048, 0.85, 1.0, 0.95, 0.9], 0.8816883116883117, 0.08259606395314088], [5, [0.9090909090909091, 0.8636363636363636, 0.9523809523809523, 1.0, 0.8571428571428571, 0.7619047619047619, 0.9, 1.0, 1.0, 1.0], 0.9244155844155845, 0.07687297620421257], [6, [0.9090909090909091, 0.8636363636363636, 0.9523809523809523, 1.0, 0.8571428571428571, 0.8571428571428571, 0.9, 1.0, 1.0, 1.0], 0.933939393939394, 0.06025227599688078], [7, [0.9090909090909091, 0.8636363636363636, 0.9523809523809523, 1.0, 0.8571428571428571, 0.7619047619047619, 0.9, 1.0, 1.0, 0.95], 0.9194155844155845, 0.07333900950141935], [8, [0.9090909090909091, 0.8636363636363636, 0.9523809523809523, 1.0, 0.8571428571428571, 0.9047619047619048, 0.9, 1.0, 1.0, 0.95], 0.9337012987012987, 0.052106005353815966], [9, [0.9090909090909091, 0.8636363636363636, 0.9523809523809523, 1.0, 0.9047619047619048, 0.9047619047619048, 0.9, 1.0, 1.0, 1.0], 0.9434632034632034, 0.050302657753946], [10, [0.9090909090909091, 0.8636363636363636, 0.9523809523809523, 1.0, 0.9047619047619048, 0.9047619047619048, 0.9, 1.0, 1.0, 0.95], 0.9384632034632034, 0.0467973226984478]], "SVM": [[1, [0.8636363636363636, 0.8181818181818182, 0.8571428571428571, 0.9523809523809523, 0.9047619047619048, 0.8571428571428571, 0.85, 1.0, 0.9, 1.0], 0.9003246753246753, 0.06079094018191152], [2, [0.9090909090909091, 0.8636363636363636, 0.8571428571428571, 1.0, 0.9047619047619048, 0.8571428571428571, 0.9, 1.0, 0.95, 0.95], 0.9191774891774891, 0.05140364081548637], [3, [0.9090909090909091, 0.8636363636363636, 0.8571428571428571, 1.0, 0.9047619047619048, 0.8571428571428571, 0.9, 1.0, 0.95, 0.95], 0.9191774891774891, 0.05140364081548637], [4, [0.8636363636363636, 0.9090909090909091, 0.8571428571428571, 1.0, 0.9047619047619048, 0.8095238095238095, 0.75, 0.9, 0.9, 0.95], 0.8844155844155844, 0.06634875285981726], [5, [0.8181818181818182, 0.9090909090909091, 0.9047619047619048, 1.0, 0.9047619047619048, 0.8095238095238095, 0.85, 0.9, 0.9, 0.95], 0.8946320346320347, 0.05451605405678429], [6, [0.8636363636363636, 0.9090909090909091, 0.9047619047619048, 1.0, 0.9523809523809523, 0.8571428571428571, 0.85, 1.0, 0.9, 0.95], 0.9187012987012986, 0.0524506887940555], [7, [0.8636363636363636, 0.9090909090909091, 0.8571428571428571, 1.0, 0.9523809523809523, 0.8095238095238095, 0.85, 1.0, 0.9, 1.0], 0.9141774891774892, 0.06682917521053569], [8, [0.8636363636363636, 0.9090909090909091, 0.8571428571428571, 1.0, 0.9523809523809523, 0.8571428571428571, 0.85, 1.0, 0.9, 1.0], 0.918939393939394, 0.06060955849522511], [9, [0.8181818181818182, 0.9090909090909091, 0.8571428571428571, 1.0, 0.9523809523809523, 0.7619047619047619, 0.8, 0.9, 0.95, 1.0], 0.8948701298701298, 0.079160910479499], [10, [0.8181818181818182, 0.9090909090909091, 0.8571428571428571, 1.0, 0.9047619047619048, 0.8571428571428571, 0.8, 1.0, 0.9, 1.0], 0.9046320346320347, 0.07089319232516271]], "NB": [[1, [0.8636363636363636, 0.8181818181818182, 0.8571428571428571, 0.9523809523809523, 0.9047619047619048, 0.8571428571428571, 0.85, 1.0, 0.9, 1.0], 0.9003246753246753, 0.06079094018191152], [2, [0.8636363636363636, 0.8636363636363636, 0.7142857142857143, 0.9047619047619048, 0.9047619047619048, 0.8095238095238095, 0.9, 0.95, 0.85, 0.95], 0.8710606060606059, 0.06670144774947047], [3, [0.8636363636363636, 0.8181818181818182, 0.7142857142857143, 0.9047619047619048, 0.8571428571428571, 0.8095238095238095, 0.9, 0.95, 0.85, 0.95], 0.8617532467532467, 0.06739698433812136], [4, [0.8636363636363636, 0.8181818181818182, 0.7619047619047619, 0.9047619047619048, 0.9047619047619048, 0.8095238095238095, 0.9, 1.0, 0.85, 0.95], 0.8762770562770562, 0.06685083068922], [5, [0.8636363636363636, 0.8636363636363636, 0.8095238095238095, 0.9523809523809523, 0.9047619047619048, 0.8571428571428571, 0.85, 1.0, 0.85, 1.0], 0.8951082251082252, 0.06339909236693697], [6, [0.9090909090909091, 0.8636363636363636, 0.9523809523809523, 0.9523809523809523, 0.9047619047619048, 0.8571428571428571, 0.8, 1.0, 0.85, 1.0], 0.9089393939393939, 0.06360249194265852], [7, [0.8636363636363636, 0.9090909090909091, 0.8571428571428571, 0.9523809523809523, 0.9047619047619048, 0.9047619047619048, 0.85, 1.0, 0.9, 1.0], 0.9141774891774892, 0.0514983465987441], [8, [0.9090909090909091, 0.9090909090909091, 0.8095238095238095, 1.0, 0.9523809523809523, 0.8571428571428571, 0.85, 1.0, 0.9, 1.0], 0.9187229437229437, 0.06475047717891369], [9, [0.9545454545454546, 0.9090909090909091, 0.8095238095238095, 1.0, 0.9523809523809523, 0.9523809523809523, 0.85, 1.0, 0.9, 1.0], 0.9327922077922078, 0.062030663150212405], [10, [0.9545454545454546, 0.9090909090909091, 0.8095238095238095, 1.0, 0.9523809523809523, 0.9523809523809523, 0.85, 1.0, 0.9, 1.0], 0.9327922077922078, 0.062030663150212405]], "ANN": [[1, [0.8636363636363636, 0.8181818181818182, 0.8571428571428571, 0.9523809523809523, 0.9047619047619048, 0.8571428571428571, 0.85, 1.0, 0.9, 1.0], 0.9003246753246753, 0.06079094018191152], [2, [0.8636363636363636, 0.8181818181818182, 0.8571428571428571, 0.9523809523809523, 0.9047619047619048, 0.8571428571428571, 0.85, 1.0, 0.9, 1.0], 0.9003246753246753, 0.06079094018191152], [3, [0.8636363636363636, 0.8181818181818182, 0.8571428571428571, 0.9523809523809523, 0.9047619047619048, 0.8571428571428571, 0.85, 1.0, 0.95, 0.95], 0.9003246753246751, 0.05652909346699931], [4, [0.7272727272727273, 0.3181818181818182, 0.6666666666666666, 0.3333333333333333, 0.6666666666666666, 0.3333333333333333, 0.3, 0.3, 0.9, 0.7], 0.5245454545454546, 0.21674802456408554], [5, [0.6818181818181818, 0.6818181818181818, 0.6666666666666666, 0.6666666666666666, 0.3333333333333333, 0.3333333333333333, 0.3, 0.7, 0.3, 0.7], 0.5363636363636364, 0.18000102030115886], [6, [0.6818181818181818, 0.6818181818181818, 0.3333333333333333, 0.3333333333333333, 0.3333333333333333, 0.6666666666666666, 0.3, 1.0, 0.7, 0.7], 0.573030303030303, 0.22223693707020692], [7, [0.3181818181818182, 0.6818181818181818, 0.6666666666666666, 0.6666666666666666, 0.3333333333333333, 0.6666666666666666, 0.65, 0.3, 0.7, 0.3], 0.5283333333333333, 0.1765500030622124], [8, [0.6818181818181818, 0.9090909090909091, 0.6666666666666666, 1.0, 0.9523809523809523, 0.6666666666666666, 0.3, 0.4, 0.5, 0.3], 0.6376623376623376, 0.24720600977050583], [9, [0.3181818181818182, 0.6818181818181818, 0.6666666666666666, 0.6666666666666666, 0.3333333333333333, 0.3333333333333333, 0.7, 1.0, 0.95, 0.7], 0.635, 0.22966863381629846], [10, [0.9545454545454546, 0.6818181818181818, 0.6666666666666666, 0.3333333333333333, 0.6666666666666666, 0.6666666666666666, 0.3, 0.3, 0.3, 0.7], 0.5569696969696969, 0.21870643997617525]]}