{"CART": [[1, 0.5916666666666666], [2, 0.6352380952380952], [3, 0.6728571428571428], [4, 0.6873809523809524]], "SVM": [[1, 0.5919047619047618], [2, 0.6785714285714286], [3, 0.6833333333333333], [4, 0.7026190476190477]], "NB": [[1, 0.6738095238095239], [2, 0.7026190476190476], [3, 0.7073809523809523], [4, 0.6597619047619048]], "ANN": [[1, 0.552142857142857], [2, 0.5176190476190475], [3, 0.47738095238095235], [4, 0.47476190476190466]]}