{"CART": [[1, 0.9304761904761906], [2, 0.9652380952380952], [3, 0.9304761904761903], [4, 0.9157142857142857], [5, 0.9304761904761903], [6, 0.9161904761904761], [7, 0.9233333333333335], [8, 0.8952380952380953], [9, 0.9366666666666668], [10, 0.9228571428571428], [11, 0.9442857142857143], [12, 0.9228571428571428], [13, 0.9438095238095239], [14, 0.9438095238095239], [15, 0.9514285714285714], [16, 0.93], [17, 0.9442857142857143], [18, 0.9366666666666668], [19, 0.9647619047619049], [20, 0.9371428571428572], [21, 0.9580952380952381], [22, 0.9580952380952381], [23, 0.9438095238095239], [24, 0.9438095238095239], [25, 0.9371428571428572], [26, 0.9371428571428572], [27, 0.9371428571428572], [28, 0.930952380952381], [29, 0.9304761904761906]], "SVM": [[1, 0.628095238095238], [2, 0.6138095238095238], [3, 0.6138095238095238], [4, 0.6138095238095238], [5, 0.6138095238095238], [6, 0.6138095238095238], [7, 0.6138095238095238], [8, 0.6138095238095238], [9, 0.6138095238095238], [10, 0.6138095238095238], [11, 0.6138095238095238], [12, 0.6138095238095238], [13, 0.6138095238095238], [14, 0.6138095238095238], [15, 0.6138095238095238], [16, 0.6138095238095238], [17, 0.6138095238095238], [18, 0.6138095238095238], [19, 0.6138095238095238], [20, 0.6138095238095238], [21, 0.6138095238095238], [22, 0.6138095238095238], [23, 0.6138095238095238], [24, 0.6138095238095238], [25, 0.6138095238095238], [26, 0.6138095238095238], [27, 0.6138095238095238], [28, 0.6138095238095238], [29, 0.6138095238095238]], "NB": [[1, 0.950952380952381], [2, 0.9438095238095239], [3, 0.9442857142857143], [4, 0.9442857142857143], [5, 0.9442857142857143], [6, 0.9442857142857143], [7, 0.9442857142857143], [8, 0.9442857142857143], [9, 0.9514285714285714], [10, 0.9514285714285714], [11, 0.9447619047619048], [12, 0.9447619047619048], [13, 0.9447619047619048], [14, 0.959047619047619], [15, 0.959047619047619], [16, 0.9519047619047619], [17, 0.959047619047619], [18, 0.959047619047619], [19, 0.959047619047619], [20, 0.959047619047619], [21, 0.959047619047619], [22, 0.959047619047619], [23, 0.959047619047619], [24, 0.959047619047619], [25, 0.959047619047619], [26, 0.959047619047619], [27, 0.959047619047619], [28, 0.959047619047619], [29, 0.959047619047619]], "ANN": [[1, 0.47476190476190483], [2, 0.6261904761904762], [3, 0.49190476190476196], [4, 0.46952380952380945], [5, 0.5185714285714285], [6, 0.49571428571428566], [7, 0.4742857142857143], [8, 0.5800000000000001], [9, 0.5709523809523809], [10, 0.5676190476190476], [11, 0.55], [12, 0.5919047619047618], [13, 0.5247619047619048], [14, 0.5480952380952381], [15, 0.47904761904761906], [16, 0.5352380952380953], [17, 0.4552380952380951], [18, 0.5738095238095238], [19, 0.5809523809523809], [20, 0.628095238095238], [21, 0.43], [22, 0.44619047619047614], [23, 0.5604761904761906], [24, 0.5666666666666667], [25, 0.5347619047619047], [26, 0.5647619047619047], [27, 0.7280952380952381], [28, 0.5742857142857143], [29, 0.46428571428571425]]}