{"CART": [[1, 0.9304761904761906], [2, 0.959047619047619], [3, 0.9380952380952381], [4, 0.9376190476190477], [5, 0.93], [6, 0.9514285714285714], [7, 0.9442857142857143], [8, 0.9442857142857143], [9, 0.93], [10, 0.9514285714285714], [11, 0.9580952380952381], [12, 0.9442857142857143], [13, 0.9371428571428572], [14, 0.9514285714285714], [15, 0.93], [16, 0.9514285714285714], [17, 0.9371428571428572], [18, 0.9442857142857143], [19, 0.9580952380952381], [20, 0.950952380952381], [21, 0.9371428571428572], [22, 0.9438095238095239], [23, 0.9576190476190476], [24, 0.9371428571428572], [25, 0.9442857142857143], [26, 0.9376190476190477], [27, 0.9442857142857143], [28, 0.93], [29, 0.93]], "SVM": [[1, 0.628095238095238], [2, 0.628095238095238], [3, 0.6138095238095238], [4, 0.6138095238095238], [5, 0.6138095238095238], [6, 0.6138095238095238], [7, 0.6138095238095238], [8, 0.6138095238095238], [9, 0.6138095238095238], [10, 0.6138095238095238], [11, 0.6138095238095238], [12, 0.6138095238095238], [13, 0.6138095238095238], [14, 0.6138095238095238], [15, 0.6138095238095238], [16, 0.6138095238095238], [17, 0.6138095238095238], [18, 0.6138095238095238], [19, 0.6138095238095238], [20, 0.6138095238095238], [21, 0.6138095238095238], [22, 0.6138095238095238], [23, 0.6138095238095238], [24, 0.6138095238095238], [25, 0.6138095238095238], [26, 0.6138095238095238], [27, 0.6138095238095238], [28, 0.6138095238095238], [29, 0.6138095238095238]], "NB": [[1, 0.950952380952381], [2, 0.9652380952380952], [3, 0.9652380952380952], [4, 0.9652380952380952], [5, 0.9580952380952381], [6, 0.950952380952381], [7, 0.9442857142857143], [8, 0.9585714285714285], [9, 0.9442857142857143], [10, 0.9304761904761903], [11, 0.9519047619047619], [12, 0.9447619047619048], [13, 0.9447619047619048], [14, 0.9519047619047619], [15, 0.9519047619047619], [16, 0.9519047619047619], [17, 0.9519047619047619], [18, 0.959047619047619], [19, 0.959047619047619], [20, 0.959047619047619], [21, 0.959047619047619], [22, 0.959047619047619], [23, 0.959047619047619], [24, 0.959047619047619], [25, 0.959047619047619], [26, 0.959047619047619], [27, 0.959047619047619], [28, 0.959047619047619], [29, 0.959047619047619]], "ANN": [[1, 0.5671428571428571], [2, 0.4076190476190476], [3, 0.5185714285714286], [4, 0.5066666666666667], [5, 0.5357142857142857], [6, 0.582857142857143], [7, 0.5052380952380953], [8, 0.6257142857142857], [9, 0.5004761904761905], [10, 0.5780952380952381], [11, 0.5347619047619048], [12, 0.5295238095238096], [13, 0.47095238095238107], [14, 0.6023809523809525], [15, 0.45476190476190476], [16, 0.47857142857142854], [17, 0.469047619047619], [18, 0.5595238095238095], [19, 0.6128571428571428], [20, 0.6376190476190475], [21, 0.5147619047619049], [22, 0.44714285714285723], [23, 0.6138095238095238], [24, 0.4628571428571429], [25, 0.5533333333333332], [26, 0.6], [27, 0.6052380952380952], [28, 0.6138095238095238], [29, 0.5395238095238094]]}