{"CART": [[1, 0.6944444444444444], [2, 0.7339869281045752], [3, 0.8032679738562092], [4, 0.8898692810457515], [5, 0.8839869281045752], [6, 0.8725490196078433], [7, 0.8901960784313726], [8, 0.918954248366013], [9, 0.8960784313725491], [10, 0.8784313725490197]], "SVM": [[1, 0.6535947712418301], [2, 0.734967320261438], [3, 0.7575163398692811], [4, 0.8209150326797385], [5, 0.826797385620915], [6, 0.8032679738562092], [7, 0.861111111111111], [8, 0.8843137254901962], [9, 0.872875816993464], [10, 0.8905228758169935]], "NB": [[1, 0.6993464052287581], [2, 0.7630718954248366], [3, 0.8496732026143791], [4, 0.9130718954248367], [5, 0.9130718954248367], [6, 0.9130718954248367], [7, 0.9075163398692812], [8, 0.8954248366013072], [9, 0.9130718954248366], [10, 0.9019607843137255]], "ANN": [[1, 0.6179738562091502], [2, 0.5441176470588236], [3, 0.48267973856209145], [4, 0.6591503267973856], [5, 0.4911764705882353], [6, 0.5120915032679739], [7, 0.4408496732026143], [8, 0.5800653594771241], [9, 0.4901960784313726], [10, 0.557843137254902]]}