{"CART": [[1, 0.6944444444444444], [2, 0.8555555555555555], [3, 0.8908496732026144], [4, 0.8794117647058824], [5, 0.8908496732026144], [6, 0.9019607843137255], [7, 0.8960784313725491], [8, 0.9019607843137255], [9, 0.8960784313725491], [10, 0.8960784313725491]], "SVM": [[1, 0.6535947712418301], [2, 0.826797385620915], [3, 0.8555555555555555], [4, 0.85], [5, 0.8905228758169935], [6, 0.8846405228758171], [7, 0.8905228758169935], [8, 0.872875816993464], [9, 0.8964052287581697], [10, 0.8964052287581697]], "NB": [[1, 0.6993464052287581], [2, 0.8905228758169935], [3, 0.8676470588235293], [4, 0.8679738562091502], [5, 0.8732026143790851], [6, 0.89640522875817], [7, 0.9137254901960784], [8, 0.89640522875817], [9, 0.9369281045751634], [10, 0.9369281045751634]], "ANN": [[1, 0.5794117647058823], [2, 0.6003267973856209], [3, 0.5473856209150327], [4, 0.615032679738562], [5, 0.6532679738562092], [6, 0.5944444444444444], [7, 0.42320261437908496], [8, 0.5722222222222222], [9, 0.6699346405228759], [10, 0.45588235294117646]]}